yssq7ie069,19,4knyjga2ob3,9,18.5,eeqskjwn2l
ahc6dhgf0c,16,hbaje74xmtm,11,9.61,r1kww8e2p1
nawpf9ypf6,7,x19padr5wx,8,15.4,0tf6nmfoxa
o2ncw03tau,19,oyst6rnwbfm,8,16.8,tr5rkj2qfj
g3sw2u9v7y,17,sccudk3uun,11,16.3,g1xzvz75rp
udezrq74gu,18,fgt7kuwo2p9,8,8.13,4pardvh0jx
rto103d77k,15,a2g0u8yohwi,11,3.09,wrfsbsskya
loj4pilyi5,8,ou6q54vx4bb,9,16.4,sbsmbsyl70
hzn9nbkvs0,13,x2458tmr2jn,8,14.9,1aalj4pqdf
rvd4rkew8w,10,9u87r8p153r,10,14.7,0tf6nmfoxa
rltefvb28y,18,4200niew883,9,18.9,a9hr8tnash
l3mykweusa,12,czj7v8i42bl,9,13.6,g1xzvz75rp
ivhp3ecdte,10,c51xyn9mbgg,8,11.4,vdb7ef1esa
kya9cp1m8g,7,d2xfcqtkdic,10,19.2,d8nqiia85n
crgkix05rc,6,9r3oez9a53,8,16.1,quh9u6qsn4
40lla7ln6s,11,abon95iwsa,8,13.4,0tf6nmfoxa
asgbj9izku,8,9fkst3yuiiq,11,16.6,wehtbgfla6
vfcdnrj6vy,10,0fkkwsvp73d,11,14.5,g1xzvz75rp
q9bajt9wi9,10,b8rckfetcf,9,10.0,3xx5h79eqn
oj3nf0snyu,14,7wh48kny8x8,9,10.7,cusdv52h0w
cz3cjkh4q6,17,1l0e1y1mg81,9,6.55,nxefghjuo9
gx49mr8toy,19,2c5jiytfqp8,10,16.9,zw0yy84a5x
0mr4827drf,15,694okykoe5o,8,18.5,96rkp7tu50
oe011uxeeo,9,94ptn1iaz6v,11,19.4,0ixoq3vkrf
r79w6ipmq7,19,6tr2mqgq72e,9,15.4,impnnjbgng
mhecve2vw2,9,tiwuoywdcl,9,17.1,82d295mmyi
40c2wdifg9,14,f4jjxvyowg6,10,13.7,827lhluym5
cmftdd6qsy,15,g8v5u321ukb,9,12.8,zzm69xc4cm
a1pk37lj1h,12,o297wqohf4q,8,2.88,1hnhau3owb
o9udhao9qd,18,coepcyd9aak,10,10.3,xofxkzn4de
zldchtzjv2,5,4nj89dr4wk,9,4.84,d8nqiia85n
hvziwxyfj4,13,c6yekz6y7o9,9,13.5,eeqskjwn2l
zh0svqe275,6,3xb3cq68eml,9,17.2,8r2b4md8sf
v6fa8zp7ni,5,9qtjq71drsp,9,12.7,1aalj4pqdf
dq9gufqa5m,18,ret9i8hrqq,9,1.15,qs61rgvc1z
uhkizpih5s,14,kwweq0pnui,11,14.5,8r2b4md8sf
s9zp8sdlnn,13,fpke4wngciu,11,7.97,bb1dsay84h
wx6zwivdir,7,vswwsqdtcjr,11,10.2,yw1rvfi9h2
9z2mkg4cra,9,pnvh71sz9lh,11,8.38,wrfsbsskya
wwg8s8grbn,9,frurt5q2lul,9,13.1,yw1rvfi9h2
gv6qp6mxvn,19,js0vseq8oh,10,15.4,96rkp7tu50
sezuv5v8la,14,rjmt7tta4ih,10,8.39,0ixoq3vkrf
iy4yd84tcm,11,qirson8d3rp,10,5.42,9j2mfw9465
ke4s7smr1j,16,be0xudjt03t,8,19.0,d8nqiia85n
yrvafpeuok,16,rivkwf3jd4k,11,9.34,6svq63eznj
szpprspd57,8,ymwn90up89q,11,10.4,g1xzvz75rp
e8c2ik1nkg,13,bifgihbd6a,11,2.11,1aalj4pqdf
iz027dq2r8,14,yarb1pdxfyp,9,2.80,tr5rkj2qfj
zr6s165hke,14,w33a34ytpgl,10,15.1,jwkp2zw6n1
975d7cs5u0,14,vyjpmwtreml,10,17.7,tr5rkj2qfj
veb1lufhyt,12,lrwkaxq68g,8,1.43,tr5rkj2qfj
e8121sxop0,19,tbnwy1r4ik,9,18.4,0tf6nmfoxa
tbwpib6go7,15,1cacgkvbkhc,9,2.10,fp67bgzet2
4iosmzksij,18,oa93lncd18,8,6.06,4pardvh0jx
047hwu5d7j,16,d5m47itxia8,10,7.61,5xbwr73uwv
9rdzvl62yq,5,5bip8go5h0p,11,13.5,65f12imxp3
3dgxa3qxbp,18,6twe75xxz1v,8,8.59,bb1dsay84h
q5xehw3pv3,10,asszfz98r99,10,1.00,xofxkzn4de
5d1sg5c8za,11,ed0zsbutd1p,8,15.5,wehtbgfla6
yjtzjxcci8,8,23jvzqm4ltl,9,10.3,hms7omtj8o
y49deko4d6,5,mog5waiu2w9,11,6.33,sx2fcnci7f
qjemsahqjw,13,cxh3ah6ollo,11,10.7,nxefghjuo9
twgdy1d6hx,11,3rm8d65it2f,8,18.6,nxefghjuo9
c0or1ra23i,16,8jzwjj50q2w,9,8.42,tr5rkj2qfj
nfpf0ycwuq,7,r1dv2wu9m6e,11,1.16,sx2fcnci7f
fimt9pa779,11,wsj4ecuctre,11,1.49,8r2b4md8sf
339tcfyh7a,14,6ao0uu2ut4d,10,6.39,yw1rvfi9h2
qo8qav4f3o,5,grrmpc9ydm,11,19.5,quh9u6qsn4
0hjaelmvbg,14,ity0lvjbb1k,8,3.67,eeqskjwn2l
lv98rurt6n,9,es4hd855guu,11,16.3,sbsmbsyl70
ml86m3gwwr,5,vjy7pp1af8,10,16.9,1pvsw65nm8
yvfd81csw7,13,su0bttcbzyp,9,5.83,bb1dsay84h
zkya5i2cjo,15,ucgt714wxrr,8,8.33,kfovmnegu7
qjon11gdyy,9,xsl5iwx4e5,10,3.17,4pardvh0jx
evvcjgnvs7,12,nhnhz5xsv7,11,2.34,fp67bgzet2
d5mu1l7czx,12,2srd8tvqxe5,8,7.31,g1xzvz75rp
y6iy6jsdqe,18,uybgdvrb6me,10,13.8,s3psdp41sc
ym30x0fk0m,5,opiybe5zyfl,8,15.9,4pardvh0jx
08flytc0yi,7,mj0c6nswuei,11,8.16,s3psdp41sc
5zn5nnetc8,10,idvonag59ve,8,17.7,sbsmbsyl70
js4xwyr62m,11,5i01n396lxf,9,4.21,kfovmnegu7
jr759xom66,7,hr0ug8jj6,11,2.42,wehtbgfla6
ay2a6pz2vq,10,9i99yzpb5za,8,15.0,wvdyyx3at0
kczi6znh8j,7,n3ojimlblx,10,19.3,3xx5h79eqn
oot4s0lrl3,17,syspu4hliim,9,1.12,wvdyyx3at0
vjh6p79pe2,8,53zkj8hn9kp,11,2.66,ixdjuq36jg
9xhk55w6wm,17,v2sltylz4sa,8,7.20,jd4fipft6f
vn37dutprf,5,1uk29oz5khh,10,17.4,wvdyyx3at0
vze02mrazq,16,3oy1kht6me3,9,5.05,3l0pmhz9s7
dhalxi6mgq,7,olt46iocx1,8,14.5,qs61rgvc1z
int5a36w2m,10,3z9pz2p62b,11,3.83,96rkp7tu50
xbe0s9iyft,19,u85dqau176m,9,15.8,ns34tpsgu3
5itegvpvwc,15,vio1o1x2nj,10,15.9,fp67bgzet2
afvqi34q68,16,yy2mut9o8n,10,11.0,9j2mfw9465
c7lyk2flb1,16,w81by3ojpq,9,14.3,sx2fcnci7f
diqg02ji7w,5,j9dd3psz43j,9,14.6,0tf6nmfoxa
cf2u9lpbot,15,loaw2srm35s,11,19.3,8r2b4md8sf
3ve64b7y9y,12,svpz4jlszpq,8,14.6,6svq63eznj
hdhm9rlwgv,19,z6wy6935gn,11,2.63,96rkp7tu50
yfiv4j9lhs,12,g5gfbvsux29,9,5.78,wvdyyx3at0
zry3nzh58z,19,3qg4cj4u9mj,11,12.4,tr5rkj2qfj
gk4cxpc928,7,j9xjpoq8oi8,11,16.7,wehtbgfla6
ftara9kym1,14,idccrm16hse,11,15.1,quh9u6qsn4
5bc3hqxwyp,11,05ygrogxy0rg,10,1.36,kfovmnegu7
av37yqpj3i,14,e93rizjap2g,11,2.79,wrfsbsskya
es5mmv3kff,17,av5ydd8z4k,11,16.2,9j2mfw9465
3u29k62z97,8,c31oqaikcpr,9,9.81,g1xzvz75rp
r7p825ipa1,16,ydvcjezjq2h,8,2.43,jwkp2zw6n1
imoyje1cf,7,5xu1od6idao,9,14.9,cusdv52h0w
0zl4bqe639,19,62ox8cujk7i,8,8.32,oaonu3fwmn
3zhrm65767,13,xdyl8hxp8lo,9,6.67,8r2b4md8sf
a27c1zc5vl,6,lxxp15zhf0e,9,9.52,hms7omtj8o
j26p550gm5,11,8gjhsu3f5y9,8,8.26,impnnjbgng
qiszbg3fmk,6,cs2z4336tgd,8,6.32,hms7omtj8o
b9pe9vg6r9,16,gdavpyroypt,8,4.35,impnnjbgng
4ay0961xx1,16,8gnppi9e0ob,10,9.21,zw0yy84a5x
sv74mst7lr,17,37xma4l5cup,11,15.7,82d295mmyi
0t666pk097,6,s16wj9sxg6q,8,3.38,xofxkzn4de
6g7i99q9lr,9,ocjru99kxjc,9,5.88,4pardvh0jx
0q3ulvysws,11,ih4uu43s4z,11,19.0,93wtu3ry1o
xihbm3eqb3,12,l6war2ezpss,9,8.70,quh9u6qsn4
a92d13bvnp,14,je93xgsvugs,11,19.1,93wtu3ry1o
uxrr1wlcnt,9,bxyiflo6a6,11,5.39,82d295mmyi
2bz40mripo,16,lmdcmiw7i5t,9,2.20,sx2fcnci7f
gctk3prx3d,14,kba4e1v257s,10,16.8,6svq63eznj
9fu2otr5yu,8,4167hk19lx4,9,15.4,fp67bgzet2
9nuy7uye0w,19,9oo1nijre3h,9,1.19,xofxkzn4de
fwtedh6nni,5,4999azgw1uj,8,4.45,zzm69xc4cm
3nkrx12yt4,16,54qmu7ve5fe,9,2.10,wehtbgfla6
1x2bri0jjx,7,3suwov88rkj,11,17.5,wehtbgfla6
t6x27ol59e,14,cdv9sdm48q,11,3.14,5xbwr73uwv
twwoulthpi,18,uidjppp1zuo,11,9.76,1pvsw65nm8
dufebv0mql,5,f249mtjapsc,9,13.7,jd4fipft6f
edjr4voa6x,19,1lroypuhf8n,10,2.03,1aalj4pqdf
eoxe8vufuw,19,p19p1f23v8,10,12.2,xofxkzn4de
nytmpbadjq,15,r7t6e0p1b3,10,13.6,wrfsbsskya
2bt1einktl,8,abjl6e159m,8,5.78,bb1dsay84h
jwpnk5x2ws,9,ertr4kyslhf,8,2.58,wvdyyx3at0
eub4ss8kq8,5,kqi8sbydmqp,11,8.08,hms7omtj8o
o3lbyl5leq,5,fpmv5qbzhhp,9,1.68,zw0yy84a5x
jhqawkerjh,18,a3u4970oqlf,8,7.14,ns34tpsgu3
az89tbftyv,11,5rbigknsxfk,11,4.35,6svq63eznj
c2mwqv4vpk,19,3nayvq6f6wn,9,1.42,quh9u6qsn4
1vmch12lo9,5,2a999dd80sy,10,8.41,impnnjbgng
rj0v475xzs,13,97rk5ozqf0e,9,16.2,wrfsbsskya
jozeql32bc,8,m8mujnj3ixo,10,2.12,1hnhau3owb
ibejryjc8t,6,7dbq5yo1eub,11,3.76,82d295mmyi
xjclbi8xsi,14,7au21kdp5y,9,15.5,qs61rgvc1z
0eqwf9mhwb,13,ljso7u1wxs,10,19.1,1pvsw65nm8
8cwmrbvqdu,9,96g3o5xsh2v,9,5.98,93wtu3ry1o
ggs2kx10pf,5,1qu9c64d24f,10,2.83,1aalj4pqdf
j8pp36fm7n,18,0ydyy8l26jnn,10,17.1,quh9u6qsn4
qauxtprm3z,13,imdi8xjecz,10,11.1,65f12imxp3
a874ele0uh,16,7cbmipkqwqg,10,19.8,wehtbgfla6
gmhcwjj42z,9,y1ucm29hwf,10,3.41,9j2mfw9465
isuofcisf9,15,ly0bi7bxlr,8,17.4,4pardvh0jx
esglxa4hev,5,s6pwkv036p,10,1.09,65f12imxp3
ymza1rww3g,17,hu17jnea477,8,4.34,qs61rgvc1z
kf87d2c1mm,13,rx7daexcc1r,11,1.36,5xbwr73uwv
r6f4nty8x3,15,i47s5hfpja,9,9.63,r1kww8e2p1
9n2rmsmz15,7,wbf3x1pz9h,10,4.91,kfovmnegu7
9i7yamofxu,11,w8i0oq2d8wf,10,11.8,fp67bgzet2
bupzyslzmx,19,5dy0swhphla,8,13.0,93wtu3ry1o
61ce9mud9n,9,003t8bgyb82lu,10,19.1,8r2b4md8sf
b3kwvfffhi,6,v9p5kmh1ty,8,4.19,qs61rgvc1z
ef51uak55a,5,ekt4xllbpjq,8,3.64,4pardvh0jx
wxsys9qyzv,9,84b6louywau,11,1.34,kfovmnegu7
qptz094aee,11,wb6xbjl081m,8,16.8,cusdv52h0w
ggvxp3i0cv,14,sng9io53b2o,10,5.23,9j2mfw9465
sda2ru1zeg,13,6f3lwjga3lr,8,19.2,sbsmbsyl70
nqorkujvs7,19,rpxbf2c8k2q,10,12.2,ns34tpsgu3
uf04882vzb,7,97ptffsyf1,10,16.7,eeqskjwn2l
e1u0b03ptk,6,0mu1vkcami8,11,1.15,undefined
ae3caydx55,12,ol07yod2emj,8,2.86,3l0pmhz9s7
rk4bk29jeb,9,ddnmth4phkr,9,3.11,ixdjuq36jg
as6vrq8k04,10,dbc6f7j4ng,10,12.9,1hnhau3owb
glyva3ubpw,12,dcgbtouc2c,8,5.46,82d295mmyi
xxb6ro1fyt,18,lafyn7a403,9,7.82,wehtbgfla6
3re6dtvwx8,8,2b6am7k9qca,11,19.5,5xbwr73uwv
rh4bsbih9n,11,klnkcb4acuc,9,8.07,hms7omtj8o
udsglwhxay,18,k818p1w9pc,11,10.5,tr5rkj2qfj
qeg02y56ba,6,ljttuq0ls4c,10,14.3,a9hr8tnash
dwga3kpj2f,16,dpu6tic7sl,9,13.6,a9hr8tnash
z71cxbhi1r,15,y7x7gqhers,11,18.9,93wtu3ry1o
mxp1178suw,7,bardy57emqv,9,18.6,827lhluym5
l5vx5d711b,5,z8ple7r3g3,10,11.6,kfovmnegu7
z6kztui54l,6,jjnffggi6jc,11,2.84,a9hr8tnash
u09fzop3b4,12,d94kmc6428,9,7.55,3xx5h79eqn
ksd6weeqz2,10,k4i2vmg173,11,2.31,0tf6nmfoxa
71p67ay41n,10,8ptklwuo4n6,10,14.1,r1kww8e2p1
sm1pjqssf3,13,j3yjrfatqs,8,12.6,0ixoq3vkrf
179ocyip9l,10,p7vznn8sixn,8,11.8,0tf6nmfoxa
xbhx140j85,17,gnzovpla5v,11,17.8,0ixoq3vkrf
qp2lfmwqcu,17,yx2eszb3efl,9,16.3,wehtbgfla6
48txpuo8zq,12,vlxsngjyos,8,9.42,hms7omtj8o
ih15posgtx,11,f5c71dv2nen,8,6.70,fp67bgzet2
4hsozbgn6w,12,4aj7zherqa8,10,14.3,xofxkzn4de
mhugkkwl1b,6,0x5d5y4js3el,9,11.2,3l0pmhz9s7
qsnf1m9njj,17,ixhfj49w64f,10,13.1,3xx5h79eqn
6mqm09x18v,9,ib70ce8678i,9,15.5,8r2b4md8sf
efkfv88gb6,7,gfivahrplx5,10,16.3,g1xzvz75rp
3qtyx46eet,12,ohx9dh4cc89,11,10.6,g1xzvz75rp
l1arc7ubea,19,lffpmfkds5d,10,19.5,hms7omtj8o
n3m3ncuobq,9,0bavwua3n4ae,8,19.2,ns34tpsgu3
jw0oe238r9,18,kmxaybm9u8a,9,5.23,tr5rkj2qfj
mivgimslb8,15,hdp7an8wioi,9,9.51,x79qs8pu59
of7ie7ylig,11,abw782unl8,10,12.6,jd4fipft6f
5lq0qbyiwo,8,v8369gl5vgo,8,13.6,d8nqiia85n
1i8qtcw5mv,10,m7nd8a89qt,11,9.53,9j2mfw9465
tpmg3ddxf9,15,to49fo9czaq,10,6.18,impnnjbgng
s1tnba1oka,7,ab1donxrvyq,9,19.6,xofxkzn4de
m3a8vnx71x,11,0hexfvb3dd35,10,1.31,65f12imxp3
ftx2535hfs,19,rdtfnjz844g,8,9.51,fp67bgzet2
e3j48125y9,7,8hrbmt6d9um,11,5.95,65f12imxp3
8didneb1fn,8,yschs5sdq0m,10,9.03,zzm69xc4cm
e7x23sfqom,8,l6c9oyp1o5j,10,4.73,sbsmbsyl70
gxgiw3p6mt,7,gp46p1dqssk,8,17.7,8r2b4md8sf
nnq4aqemuo,5,orfjfz6hy4g,8,1.54,ixdjuq36jg
q9uq2aa46y,17,3nroph3el4o,10,18.1,nxefghjuo9
txkz7ba0bo,5,bu35xisowda,8,19.0,wvdyyx3at0
hvsis99h9c,15,whgaginhbhf,8,14.4,0tf6nmfoxa
v5mvy3opal,9,w1u2oo2mjqc,11,15.8,fp67bgzet2
jjeyw4gruy,11,outi205igg,11,16.9,a9hr8tnash
llwdzggvlo,12,2ptr03wf84g,11,10.9,undefined
8mqri51a3z,12,a4ma60aa5pe,11,5.79,zzm69xc4cm
ko9ybcpxo5,9,lnpmzjr1j3,8,6.98,ixdjuq36jg
y4k247oapy,9,w9a9k3nf4n,11,8.69,wehtbgfla6
r6rmovu20y,14,4y5p42lrqhs,11,6.17,impnnjbgng
stmhbow1fn,7,5disnb8cy4,10,6.27,sbsmbsyl70
c67czctlk3,11,kr950jyzp5k,11,2.59,hms7omtj8o
d5obg4jh01,7,4h2bwq2czwj,9,12.6,eeqskjwn2l
svglbx1yw9,12,9h3mzjxq0dw,9,7.98,82d295mmyi
zdt8skij1a,12,0swlr62ly5pq,9,16.2,9d5t3r56h0
w3f7qzyutt,13,dkmguhpvd9,10,3.12,1hnhau3owb
xib1uhky5n,6,l56kblbhmeo,11,19.9,ixdjuq36jg
52e7p94jdf,7,12g8tczs0hg,11,18.4,1pvsw65nm8
51c13s3noa,14,l2344s36q3,8,9.47,wrfsbsskya
at9jztv0b1,6,7wwvcl43vr9,10,3.72,quh9u6qsn4
jn2nx6g39x,10,tmkvmot1xkf,11,18.3,3xx5h79eqn
ha27ckzw20,18,ylaacr8fow9,10,1.23,sx2fcnci7f
l6ge68bqpd,18,quuv1cxhhy9,9,18.5,8r2b4md8sf
9by5ywtha2,13,pi1v0osshj,9,1.80,d8nqiia85n
pe5vaqs8md,13,dksm51wtv9d,8,12.1,0ixoq3vkrf
4ig2a38h92,7,fsq5tcfpi0k,10,17.6,qs61rgvc1z
h54tdhf8aa,7,2gp2atnbr8q,11,17.3,1aalj4pqdf
3xvite4cfe,15,1c3089b8hgi,9,3.73,bb1dsay84h
87ga9epmbx,19,zcmu3a96y9i,9,8.17,0ixoq3vkrf
z2nrxq6eay,15,c228i6rwgfj,10,13.2,quh9u6qsn4
39btfedsgo,9,4zmxo3sjpe3,9,7.82,9d5t3r56h0
lajgqlt1ku,7,x26y7awsto,10,6.96,93wtu3ry1o
5vr5g1uinu,7,9j1evws9stq,8,9.71,vdb7ef1esa
61pibyipfk,6,vougdc4mbbg,9,19.3,0tf6nmfoxa
5xsfjlh4e2,9,1nhbf8mujbr,11,2.26,wvdyyx3at0
jhnw6rgttt,16,eeybmtod4yh,10,10.8,82d295mmyi
ck2faowwry,14,3c30psj23py,11,17.3,bb1dsay84h
t69e9ddgl1,10,arhedei1nar,10,3.25,zzm69xc4cm
vjq25bjq87,5,dp3dvm5nin,9,12.9,96rkp7tu50
x3rxutim2y,17,k9hw9duofv,8,3.71,nxefghjuo9
5uzxpiwoyj,16,avm2yobuv0p,9,2.79,qs61rgvc1z
6m7x9ewtdv,19,82kmx6wgnpo,10,3.60,bb1dsay84h
ay57cfqaph,9,8ygz0imuw5i,8,18.3,undefined
iaes0v2xds,12,f082koq6ag,9,11.5,fp67bgzet2
savv3uqtrd,11,506li3i9n6w,8,9.61,9d5t3r56h0
ddc6r5kczt,5,lgrdbfd4mtn,11,4.08,9j2mfw9465
orku96x74w,6,l26ywteymjn,8,19.6,0tf6nmfoxa
ms076mp3ct,14,6m1hzi69g7u,10,18.5,jwkp2zw6n1
69du6czp4z,8,rloxgzq0t1,10,3.78,bb1dsay84h
ok982c2wfb,18,m7ggk9h7jp,11,1.54,4pardvh0jx
cnnb4fdxfk,10,damk3pew30c,11,6.53,sx2fcnci7f
c1yr3q63yv,9,zflfkl8minl,10,9.87,s3psdp41sc
2znzg9e82m,17,sgg8nfxk1l,10,2.89,kfovmnegu7
drmavppa5s,7,43a5jx8wpel,8,5.02,wrfsbsskya
e7p3te35tv,7,16lo4tatiib,8,19.0,ixdjuq36jg
xrongolqpw,6,6kq3kssfiun,8,5.82,ns34tpsgu3
c1bg1xruk7,11,eg8t4ljom6h,10,4.61,65f12imxp3
nc0n9oj284,12,socasahkp7r,8,3.38,kfovmnegu7
j0divq0ncs,8,vvveb05logf,8,1.04,wehtbgfla6
88egzor91u,9,36fmy74nrux,9,16.8,vdb7ef1esa
r6ns1z6v7x,10,qxz2o8brba,10,4.65,cusdv52h0w
e4ncslwlmq,8,1idejm2hadt,9,15.1,8r2b4md8sf
xldxmn5thq,16,4rge3xxqcvw,9,16.9,3xx5h79eqn
0500waeotc,15,ys2e91h2ub,10,15.2,a9hr8tnash
cgl0wlgsbq,14,6l7t4cjhru9,8,4.32,jd4fipft6f
o2a593affr,18,nlab6tirrus,10,12.0,zzm69xc4cm
fwmgcl1n8o,19,19dwgbsw74p,10,9.07,undefined
wi9ey9rtcx,8,lteopasl0m,9,15.8,quh9u6qsn4
3ahqps0ctn,15,9c5grau1dxs,8,5.18,1aalj4pqdf
cjc4r404zl,19,tscmz48vmam,11,3.23,wrfsbsskya
xw7sabu0ue,18,xnac61qv2vc,8,17.5,827lhluym5
y7kwwjp8qd,15,s9zxjex79sa,11,1.07,quh9u6qsn4
e5t4lg2bxd,10,2f6992al96h,11,2.66,ixdjuq36jg
jih0gmsjc8,10,4xb3yq9l7o,8,12.4,93wtu3ry1o
tadpsxzqqp,16,mf0wu8xesz,11,2.00,impnnjbgng
raqddltyog,19,7c0x51rew53,11,13.1,1hnhau3owb
diqoadlp0u,6,b8b88oiny7g,8,13.8,96rkp7tu50
ysrxkx7wm6,15,tlpo3gjo7cf,11,3.44,bb1dsay84h
wicn3csjem,7,kmz7wgpnfj,11,7.37,tr5rkj2qfj
galapalkfn,8,v0umuhdm6a,10,15.2,tr5rkj2qfj
xnbk907zoj,19,8xeng21frpg,11,19.9,1aalj4pqdf
dfg8wx9klz,19,i7yfnvwdoqj,8,4.95,cusdv52h0w
00tu8xuti3,7,8rwis1y20p8,9,11.9,undefined
kjgiax7foa,14,tbmb05etfcj,8,12.4,jd4fipft6f
0bk8wop8rx,18,p7r635ecjy,10,17.8,sbsmbsyl70
062gfqtl2x,19,3r3jge8m5f,9,3.57,quh9u6qsn4
3auiosmsly,19,4u03hy1a9t8,9,12.3,quh9u6qsn4
yrg5bhxmcb,16,q41rejmhbdj,8,2.84,65f12imxp3
ysccl96gle,7,gvq9nuyoqc6,11,19.5,kfovmnegu7
vtxtll72f3,15,x95sgai8q5g,10,14.8,ns34tpsgu3
87fxu4o3vu,14,3bs973k6u8l,10,15.5,65f12imxp3
z5p88cz9pi,9,srdixdykzh,9,4.90,jd4fipft6f
1pfty7eiro,14,trixkrw5dm,8,3.43,a9hr8tnash
jiikhsgzdr,7,8v5n8n6izd,11,8.03,zzm69xc4cm
f2b229myp5,9,8p60zk1typc,9,12.2,ns34tpsgu3
qwa4ornnfs,9,tb015knr3b,8,6.17,xofxkzn4de
0eahv0x986,12,4mhnho62phg,8,11.6,d8nqiia85n
jqnptfqkj7,6,mj1lz1zvpqi,10,2.81,0tf6nmfoxa
wxmqkow1h5,8,2fnzwc15lhi,9,10.9,ixdjuq36jg
hlp64iae9r,13,118gf56a6o3,10,4.29,0ixoq3vkrf
quf3sav97g,6,xxwb5iyv0bl,11,1.99,vdb7ef1esa
oje6no1xjy,10,fymhhskt0ht,8,14.4,wrfsbsskya
d2qglm58x1,15,z8807xmam1l,9,17.5,3xx5h79eqn
yv0ww21i3f,16,uj9almlga8i,9,8.42,jwkp2zw6n1
6bw7u24c5r,6,9fe36xhawaj,8,13.4,1hnhau3owb
xi97gt9fii,13,x15wk3fslx,11,16.3,x79qs8pu59
4ovgp6p1cp,18,n2w6m9canvp,11,8.92,6svq63eznj
yn3lifb73g,10,yqfuh3avwub,8,14.2,d8nqiia85n
mck3lzjvdd,11,urw4h8cig,10,6.42,93wtu3ry1o
4swxt7ha5e,12,8b9jd4ntce,11,18.5,5xbwr73uwv
bio8aekd7x,12,9eddp0ectl,11,5.65,oaonu3fwmn
soyxa3yxmp,17,kwo5i3rt0c,11,9.62,1pvsw65nm8
z79rrud6lp,7,l9897o0xtc8,10,3.34,cusdv52h0w
7gtz38y65a,19,1muzstvthyf,8,5.71,kfovmnegu7
06k8k8mkgv,13,u4wnb8mwx2,9,9.03,1pvsw65nm8
jqxlqker3m,14,x9k8v3uoj3,10,2.19,1pvsw65nm8
bh2nuvvxdz,14,lzbnktrcwo,8,10.4,ixdjuq36jg
h1wr7o92yz,14,qd4dwnree1m,11,16.9,bb1dsay84h
vw797zsxwj,19,ofj1yy98fr,8,6.37,yw1rvfi9h2
cjjk94bq46,19,gh74nvjv3dv,10,17.7,zw0yy84a5x
uodq7ofla2,19,qq5e4f14evi,11,6.93,9d5t3r56h0
ybccjfq3i1,16,bompxo4p5of,9,11.9,kfovmnegu7
iccd75vlkc,19,h1nbsw15iqh,10,5.60,sx2fcnci7f
r8qzf9js9d,10,c2dsavid7k6,11,12.6,3xx5h79eqn
8ghqt42p9c,14,x4i4z5vs2t,8,15.6,fp67bgzet2
1wvqjsn8qi,9,jbtc1uudy1,9,8.01,5xbwr73uwv
vfpx50p59c,10,cnt017wlomf,8,3.50,a9hr8tnash
2k49e9jz9d,13,bnv4aag5mt,9,5.15,wrfsbsskya
06gdpikxx5,7,6t861zwjl1a,11,18.5,xofxkzn4de
h8wjur2oz4,18,lcpu288gaj,9,3.14,zw0yy84a5x
lvxrt9j46q,14,ixwip5jaxm,8,15.2,4pardvh0jx
s8nmwcqek3,6,ab9r0spg8ai,11,18.8,82d295mmyi
6vp2yjczvi,8,qf74qf05mwd,10,15.1,8r2b4md8sf
2cd963upep,5,lxtot4w7ci,9,16.0,d8nqiia85n
qmynqyddod,10,hk22tdhxlbv,10,13.8,4pardvh0jx
3yzuctj9fa,16,8qexd6dq7ea,11,7.74,ixdjuq36jg
km5xq9osgc,12,dph51avnrim,11,4.33,quh9u6qsn4
81k1vj3a4z,19,2044ytszi17,9,17.3,8r2b4md8sf
vhf28b9sy9,15,vzv2m74gke,11,18.8,jwkp2zw6n1
8f17wnmui8,19,qri32s4euv,8,18.3,hms7omtj8o
8kqvnb3tqc,12,9m40iqvchql,9,4.19,3xx5h79eqn
2rvfl01ofk,13,ov438wh1c0l,10,11.3,3xx5h79eqn
ie52103jdj,19,ox6t7w2uii,8,2.96,oaonu3fwmn
xpmlvmx8pe,17,kxde5qfy3yj,9,11.9,quh9u6qsn4
zn0az0f5uk,12,kz9gkplco8,8,2.53,vdb7ef1esa
tlt1ikyvsg,19,idxc2zh39kb,9,13.6,d8nqiia85n
9c0w2i73x7,9,racyib7n8rp,11,5.50,qs61rgvc1z
7cgsdlprjr,14,iun10sazik,10,10.6,jd4fipft6f
ufc73e3df8,19,h9xbrev32es,11,10.1,a9hr8tnash
k90b4djejk,8,21rvd3cfo6e,11,1.54,1hnhau3owb
zdhp56t338,7,g2669y3hb54,11,17.6,eeqskjwn2l
20p72uav6b,16,l3uhinjqwi,9,12.0,jd4fipft6f
f6ffeyqxmd,8,nsq9pi1hld9,10,8.62,1aalj4pqdf
m685tkmu3x,19,cyj5l6wxtbc,10,10.0,sbsmbsyl70
u4ybsjj5u9,16,wxi6a1e2yb8,10,2.74,cusdv52h0w
4ttuchvjvg,13,k4ojiikxb6,8,9.86,g1xzvz75rp
35rar5ds1t,7,0dzkoc72rsjv,9,17.9,1pvsw65nm8
covjs11s97,10,tubsk14weh,9,7.60,ixdjuq36jg
hnwm83jwyz,19,cpr9hm27zu8,8,10.4,zw0yy84a5x
siyfn0i13c,9,qhzdafssd7j,8,14.7,1hnhau3owb
ouhrttlkne,16,d5fjushmmi,9,18.9,vdb7ef1esa
i68xn9o7wy,16,4eq5vwwx489,8,9.11,3l0pmhz9s7
dgh7stoqcx,14,kdyyj3zjchb,10,8.85,65f12imxp3
qmjtchcg3a,16,yzlybc8y8r,10,10.2,4pardvh0jx
7dzkii5dco,12,1tfqdzybf7p,8,5.80,fp67bgzet2
u51l9ht0cx,15,p747x1jht0s,8,8.88,vdb7ef1esa
uzfdq9dbfb,9,z10kjz12k8,9,16.1,zzm69xc4cm
blp0iefx38,15,wfr9civrxp8,8,13.4,hms7omtj8o
u8byxfylbe,17,ui5xsekvmn,8,4.22,kfovmnegu7
yq7n2mqzzk,6,ghzbd03yco7,9,8.35,jwkp2zw6n1
lb5nbauoxr,12,k0zwml20x5q,8,16.6,3l0pmhz9s7
0otnp9vdto,6,xl6ygy77nx,9,14.5,quh9u6qsn4
sb5h3wnljo,5,46da63z6z9w,11,14.6,yw1rvfi9h2
ahbhbam433,13,rgjpe0qcnfn,10,13.8,kfovmnegu7
a2i7ggdu2f,5,v6w9hpwmt8,9,13.1,5xbwr73uwv
3hr27zfryh,19,rpo7yiz0l5p,8,6.96,827lhluym5
g9mks7xitl,18,l2l2gc9y4yc,11,11.0,kfovmnegu7
xvqfza4u6c,6,neaf1za24rq,10,2.90,ns34tpsgu3
8m79xm2gq1,14,eihaiqq84u9,10,13.2,827lhluym5
jg7t7phql8,19,g8q1pvk0u6,8,5.69,a9hr8tnash
5uch4zrh44,14,cl9ib8iqxf,11,6.27,3l0pmhz9s7
x7nw1traeo,15,44q6bsbcyaq,10,9.21,fp67bgzet2
xobjf424e3,19,ycjzvvlrui,9,6.87,zzm69xc4cm
m100s2ilpx,19,g2qhz3uef7,10,7.43,zw0yy84a5x
7wob5na49f,6,0dmsyd25htx,9,8.13,wehtbgfla6
ayqujm51zt,10,1bm4faa9888,8,11.9,bb1dsay84h
ayqfxybn78,18,aa1mvxjyoql,11,10.6,s3psdp41sc
9i1ltygpvp,6,ygs2eyht4y,8,15.5,6svq63eznj
dlf4ruia6s,12,nk5g0q4c6pm,10,13.5,6svq63eznj
ai6ico8dyp,6,ulvwlk0jop,9,10.4,kfovmnegu7
1o9zcvjhcg,7,3664ixozq0g,10,6.46,wrfsbsskya
lzd84sl0vz,13,rpgudur2la,9,15.6,hms7omtj8o
zelf54679o,18,tnvahnn0r9n,8,1.78,5xbwr73uwv
n8jqpqnnql,11,6sb3hmtr2nq,9,17.0,tr5rkj2qfj
tf2qufgxu5,6,fi29o4gwyo9,9,1.23,vdb7ef1esa
djpxdgpfhs,10,9s5c8gtwrxg,8,2.98,nxefghjuo9
ewmg3u4x2h,12,ttnrub5ns7f,10,3.12,jd4fipft6f
uno9yzpzsk,14,djm3knf217i,10,4.20,3l0pmhz9s7
6vwja5jpv6,11,ygb3qf89ltb,9,14.0,5xbwr73uwv
25as5zxbem,17,ewx4rjw77vk,11,14.3,1aalj4pqdf
jjn304hdx7,10,34we6hzrult,11,8.64,4pardvh0jx
kg6q127lvl,14,p1cn8lnzvzg,8,10.8,827lhluym5
sdfxh2vvd6,19,0rxho0pge4j,9,13.9,65f12imxp3
0eu0ta077b,15,tyvspy4sxwq,8,1.31,65f12imxp3
m1139ovi2v,11,32g58nppnzn,11,1.45,8r2b4md8sf
ylwfk43vbo,8,2ullaqia4tv,8,6.30,eeqskjwn2l
f83fdic6mb,8,khydg2u9dbm,11,4.32,qs61rgvc1z
54q4jjyyvt,7,olhnw59xfwi,10,6.09,6svq63eznj
d2g57eznod,18,lbg98gar2s,10,17.3,0ixoq3vkrf
to2z6vfoym,12,ikfh14ibgr,8,5.52,kfovmnegu7
71jc4ssrdp,10,as35id6syaw,11,12.8,3l0pmhz9s7
uomi4udrip,9,t3nw9itvuob,8,3.52,5xbwr73uwv
8d6z4u0duq,16,vdbzncmait,8,10.2,undefined
6hurdsb9v5,5,bknszf6brqo,10,18.4,qs61rgvc1z
hoiqgkgody,5,q1cuirg8dxs,10,19.2,wrfsbsskya
rfoc9obsrd,14,7azdoy0mwkk,9,4.72,1aalj4pqdf
h2oobswirh,11,ov4y710ci,9,18.2,r1kww8e2p1
0cfbtkmhw5,18,nwswbdoebjq,11,10.3,sbsmbsyl70
jz9f20pwik,12,ceawftm6x0m,10,15.2,82d295mmyi
e85613wlgh,19,b2dqhkzg1fq,10,19.4,x79qs8pu59
jf3nxm3rfb,7,mffjam6uxxf,9,5.47,9d5t3r56h0
jgxm5nuyzn,5,bkyruyntbs,9,14.9,d8nqiia85n
mk5kv3ihex,7,ula00y5z4u,11,5.84,hms7omtj8o
ge78d6ic4q,7,5b2lzh00eu9,11,8.40,vdb7ef1esa
1eane48w69,13,zi3rx6dit8e,11,9.27,bb1dsay84h
kgckrzr3u1,16,aqo1vpzhwno,11,17.4,tr5rkj2qfj
xhcx6u4lir,5,9le7eq8ey,10,2.27,0tf6nmfoxa
jet83jcgco,18,23d48n6n8hg,9,18.0,qs61rgvc1z
w5gj2r6jbf,11,svlduunhce9,9,12.4,sbsmbsyl70
3zmi9hsfu6,13,nqovycufxrr,11,1.58,d8nqiia85n
chxkpygicm,9,x8s0ykh8q0r,8,7.47,bb1dsay84h
uuhvzx3ek4,17,soacp57bzni,9,1.78,ns34tpsgu3
072b2qwthg,13,nyn4spu8yjg,10,19.8,eeqskjwn2l
9b0hwy601x,14,1nhg48us3zk,9,5.12,9j2mfw9465
38w8e3iqpj,13,22a3an464vr,8,1.43,96rkp7tu50
iab8gmc9j2,11,8sh0ygaiwe,11,1.55,yw1rvfi9h2
c1fclxeh28,10,k8u6pkjhwg,9,17.6,tr5rkj2qfj
s1plcqnp5r,11,jnzqq0126xn,11,1.74,82d295mmyi
c0id89e8jv,15,njhhuj396l8,10,11.8,tr5rkj2qfj
7lqbvukalm,15,ysga1brpdn,10,16.5,eeqskjwn2l
ztb2qrv80b,14,wponzyoanhm,9,5.48,827lhluym5
46fluem04r,11,3oxbzn2xdmn,8,12.6,a9hr8tnash
0vzwrj4z1r,19,26ye7bvfyax,11,17.0,sx2fcnci7f
ocl43egp6w,8,a1t3lj2umho,10,10.6,vdb7ef1esa
73moi9clyo,5,51fo44ug0q8,8,1.48,tr5rkj2qfj
i2ga69mkyv,11,yqxqxmnivch,8,12.8,nxefghjuo9
v8xxiehsta,8,dqjil44as64,8,8.37,quh9u6qsn4
yk4wgi31j4,14,o1l7g5mupi,9,2.27,wvdyyx3at0
vlq0c8p4jz,6,y3ra97lgosq,11,5.59,6svq63eznj
871b9pzzaf,11,5sxf9zeyqc,9,13.6,bb1dsay84h
ckzqii5dyf,9,sq8uy79fdl,11,8.59,96rkp7tu50
d437pwj8uy,8,mwn2cjwdqg,10,18.3,jwkp2zw6n1
4wequc4i3z,16,i3i705a0bzd,8,6.28,hms7omtj8o
xie2s44dw3,14,ndyu3g3sec,8,19.6,s3psdp41sc
oa8vp6bn8g,6,csz6lk21mne,11,6.04,0tf6nmfoxa
ttyw5lp67w,5,6ty4hotcn6j,9,3.85,0ixoq3vkrf
fentzxg8rf,12,962dbx952gh,10,13.0,undefined
ulpvgbbz3j,9,2eioruh6ppe,10,7.33,quh9u6qsn4
5qi0skdjvw,10,ujypzfxknw,11,15.6,zzm69xc4cm
10sxcichy3,10,gj99c96yc35,9,11.5,hms7omtj8o
byfiv7ccfm,5,y007w43nfza,8,4.14,impnnjbgng
vim0i6iksl,13,0mfyawgkw0eg,10,9.66,wehtbgfla6
makpv530gs,14,h5ekry9uk09,8,9.98,6svq63eznj
064am8f7xf,5,gateuxkybyn,9,10.4,jwkp2zw6n1
84ll5805nx,9,belgm6paxo,8,11.3,96rkp7tu50
15q03m6dn4,14,2audu19xxv,9,5.32,fp67bgzet2
zfpk1gb3zz,9,i0i7zlkvyzo,8,13.4,82d295mmyi
6wc1rs1i6w,13,ahk29sc4b9,9,7.01,xofxkzn4de
2fa6god4ae,18,7gaaisvj3fl,10,6.18,ixdjuq36jg
lx7ypyjndy,11,hqjuan1vh46,8,5.10,oaonu3fwmn
jb4sbx9ea5,8,ovkc9wzz0c,8,9.51,3l0pmhz9s7
hyoa0ngyr6,6,fwb0roebfv7,11,17.4,ixdjuq36jg
y05s9dvos1,17,wnx81c367xe,8,13.2,ixdjuq36jg
e2kca8pcd8,5,kqwrdc72vjg,11,13.6,tr5rkj2qfj
npdnqkjun0,8,p0cpi9cxhme,9,6.02,zw0yy84a5x
frseflonxc,18,ejpo47wv6it,9,7.07,impnnjbgng
swa4mruz7y,11,6wgsi9ctw38,9,19.0,3xx5h79eqn
yptlreqd1t,10,ts8blscrsud,9,3.86,eeqskjwn2l
6pllrznkdf,8,co7vpxmc8s,11,16.2,1hnhau3owb
bvvnbfnmf4,16,0s9md9iun3v,8,5.13,wvdyyx3at0
x7dfmikbtk,11,j7z73oge7rk,11,16.2,ns34tpsgu3
ytk9pvx56t,6,aelw3u8wwdh,10,11.4,cusdv52h0w
04efd4ezq7,18,xrlrpbsa78b,8,19.8,3l0pmhz9s7
x86fo4r8h4,8,pbaic6sgxe,10,5.77,d8nqiia85n
erqvg3lgqj,13,x4pemhlqir,9,16.0,undefined
zfzn2hmu18,11,tav7sw00ldi,8,15.9,3l0pmhz9s7
iqrfwbxg4h,10,686j1w102dt,11,18.7,96rkp7tu50
e0emdajdu,12,8q9p04ipxc3,10,1.53,cusdv52h0w
n0f9h5wx34,18,yrel5nwpctr,10,13.1,jd4fipft6f
v7m0kjmpeh,8,j5lihnxzel,9,19.0,4pardvh0jx
7zyvafjcm3,8,4g47bs6oiy4,8,6.53,cusdv52h0w
5fnf28fpe7,18,gj7kkr9vwlu,10,5.09,s3psdp41sc
z65sdg2he6,16,p9qnhsopwgp,11,17.3,8r2b4md8sf
8k0vkitmsp,10,9zzh82rh9fi,11,12.9,93wtu3ry1o
tijn4zov8,19,mjlr1ue3g5,9,9.21,tr5rkj2qfj
vhag03ev6b,14,v5n9ntpqz7f,8,6.12,93wtu3ry1o
pvbabxtcsz,17,w5np31fbfod,11,19.7,1pvsw65nm8
yldlz3jq3z,8,jbxyxkwz5e,9,7.89,827lhluym5
keayl9pbpf,13,6w3twivjo8,8,3.44,82d295mmyi
oburtjhvmg,16,92v0eptj74s,11,17.8,sx2fcnci7f
h3lxjid0f6,8,sfq2wtt6fl,8,15.7,xofxkzn4de
bm961lzo3f,17,iq1egxnasvm,10,4.21,65f12imxp3
3ff4iw7h5c,12,4rphg19tzzi,10,2.90,hms7omtj8o
g4uqqxytie,12,ehtrhdzlhr7,10,18.6,sx2fcnci7f
5isisrq14z,18,j5b3fm96zsq,9,3.06,quh9u6qsn4
wpdp3atefl,17,opx04p66rvh,11,8.56,jd4fipft6f
ak18kdkp4n,16,xxl74p66l77,9,18.2,vdb7ef1esa
ft0whjo2yt,9,gtgpoiir4f8,11,15.3,3xx5h79eqn
3wqo5nv9yr,12,yncw6iy7rk,9,16.1,1hnhau3owb
800v28tc3l,10,jbks42zvthh,8,18.2,vdb7ef1esa
pyioddpscx,16,xhrsfgm34w,11,8.86,8r2b4md8sf
t9ke2v0hns,9,7vfqg9dv02c,11,1.13,0tf6nmfoxa
hn960y9sux,8,h3692ld8lnb,11,14.0,d8nqiia85n
ld54ror1t8,5,ww20uwcvbn,9,10.1,6svq63eznj
l9utd3qg2o,12,aqw199fdv2l,9,4.91,fp67bgzet2
vtlf4m4b93,13,bf6r9uw6vlk,10,14.8,jwkp2zw6n1
mv1d7nibb8,17,hdx6c2p55zg,9,10.0,undefined
m2gasqysqs,10,e38m67z6fr7,9,5.28,vdb7ef1esa
r0o2p8f3kn,6,8xs3qki0wc6,11,3.87,d8nqiia85n
urczliagr2,12,vg0llnt9l1o,8,11.2,r1kww8e2p1
l7toip4zt4,14,f7yifxxot2,8,19.5,eeqskjwn2l
o8shs24ikc,12,ew84k9sdr6k,9,15.9,hms7omtj8o
wy4r5epqts,19,7hi3yspik6g,8,13.5,9j2mfw9465
nhycdx80wi,9,n78yyzwsbkh,10,8.21,kfovmnegu7
1zvx94igve,8,hpx63tidqwu,9,8.73,yw1rvfi9h2
a4jcmqjnj2,13,80sfxk0qgjc,8,14.9,0ixoq3vkrf
32p5oxifma,12,a22b099msa4,11,5.50,kfovmnegu7
mn8tpv9a2b,14,fkhiyipc1of,9,11.5,undefined
mktcdi6om5,14,q4doxa767rj,10,4.56,bb1dsay84h
ox6yjwh3qt,9,m3bu13no5ko,10,8.14,sx2fcnci7f
4v7nmfpmi6,13,doni39vl41f,8,11.3,yw1rvfi9h2
fqpndo3w72,9,fuo0fh6awvr,8,18.1,g1xzvz75rp
ux79dbalzj,19,a30vbpia2b4,9,17.0,0ixoq3vkrf
d2ucx7d3mt,17,2v8vu5l86gm,10,14.5,0ixoq3vkrf
is3o535cf9,19,6hyj8knviss,9,12.4,yw1rvfi9h2
p93xwub25j,5,vnoj65g9okb,8,15.1,0tf6nmfoxa
prryllzsok,10,7yr9j0cd7sa,9,2.24,0tf6nmfoxa
maobty2cjk,5,mw6akh36a5n,8,9.78,82d295mmyi
6blp50i98n,8,m0x5565c0j,8,17.2,tr5rkj2qfj
nftw9c92ce,16,hqbhvfuu9i,10,12.2,1pvsw65nm8
kxdfoaj621,9,3yjegu8rr9x,11,15.7,nxefghjuo9
1lfwtoaww0,7,tzyclj0ol4,10,6.62,qs61rgvc1z
qemzgqphms,14,3o9idq155a6,8,19.0,1pvsw65nm8
68iqukmw1b,8,uzo6y3wdnt,9,19.9,xofxkzn4de
lrick6jgme,18,desdxkpgf0a,8,9.17,impnnjbgng
uk7tx195k5,15,t28muprswxo,10,1.23,zzm69xc4cm
kziv806tx1,13,c7dbawbqrto,10,9.17,xofxkzn4de
6x1wke407k,9,1r43xz5az2z,10,18.3,93wtu3ry1o
i65mjaiwtw,7,q3dh4mgvxsb,8,12.1,s3psdp41sc
jtm1pr8diz,13,bndsw17s6yv,11,2.66,kfovmnegu7
hq3zt66z4a,18,8cmx6fv2szt,11,17.7,d8nqiia85n
wnfa3v4il7,13,s1e1zfnp5cd,8,17.7,tr5rkj2qfj
5x6ie7eo96,15,xeen9yyxea9,11,18.6,1aalj4pqdf
1z5zp5seno,13,bwxabxp1d9k,11,5.67,96rkp7tu50
gzmj7tc7y7,7,2puivswnimd,9,2.44,s3psdp41sc
92w2e5sv5y,10,fjmu4llefg,11,6.17,eeqskjwn2l
wfi17qcprp,9,ohapttjvhkp,11,9.79,hms7omtj8o
8g18dbir8i,12,dccuxl6c2z,8,11.4,zw0yy84a5x
31i0zqzyvq,9,5ikqjitwcfp,11,2.50,qs61rgvc1z
ebuwsnuhn3,15,0xz4tpimrvdo,9,4.06,82d295mmyi
p6m66ttc29,5,nyxflavync,10,16.6,oaonu3fwmn
oypl2h3n2k,17,z99s1m5vlgm,9,2.36,jd4fipft6f
pu5geash90,5,0e3kjryd5yzt,10,12.0,6svq63eznj
e6etna66x9,19,b45wi3aw6b8,9,2.22,0tf6nmfoxa
83erwvjw83,7,njlh3ov0rdn,9,15.6,0tf6nmfoxa
tyb9gkztub,8,5j4l1098hzf,10,9.88,impnnjbgng
1e511cggje,5,m7t8f8i3qa,8,9.07,quh9u6qsn4
7st7cnunk,14,2uvja2kjv6m,11,4.88,9d5t3r56h0
51vq2ykcki,19,yp5acxh4fr,9,18.7,1hnhau3owb
9bdi2oty3j,5,r6hf6njb5ep,11,2.26,4pardvh0jx
60x9onijql,18,fjkww2igi2q,10,16.1,kfovmnegu7
3pnny1af4d,13,85bsi39yoa7,9,1.55,4pardvh0jx
pazxa9145o,7,s8k5eadxnbg,11,4.60,cusdv52h0w
vwwqdbqapb,17,npjar4cezpc,10,14.5,sx2fcnci7f
zafey0aw3n,6,ldouyz3qoqq,10,11.0,fp67bgzet2
b4zdoivrgh,10,16mujmc3igq,10,8.89,undefined
h25nkb56a6,10,9pcdxcpzy,10,13.0,1aalj4pqdf
jztm1tj3sb,17,tmbcruwqk3b,11,3.48,sx2fcnci7f
0l1jel5p3g,15,upe59gao29,8,19.5,3l0pmhz9s7
ij1q26f43e,15,3ne3sbhcfvb,9,11.0,96rkp7tu50
r00wl84v1o,18,0tawv7f4dta9,10,9.26,quh9u6qsn4
otuy95r2vl,14,84vrcgwchok,9,10.4,s3psdp41sc
jcz14r2swx,14,07le48ckrsvg,10,19.4,1aalj4pqdf
auxp05ebew,18,t27l5vrid4t,11,10.9,9d5t3r56h0
fqis71ya4b,16,9n5kyo83wkv,9,5.06,kfovmnegu7
n8owmpwuko,19,xyiwcg6wlbo,10,16.0,3l0pmhz9s7
cy22poqa2f,17,otalsx9og8,10,2.02,wrfsbsskya
unmi6kby05,15,8u1ek5t5wve,10,13.2,s3psdp41sc
jrj9wk4knu,11,t685rvpr5wp,11,1.05,4pardvh0jx
eycnat6eix,6,z1nu49f9n6,10,7.51,0tf6nmfoxa
bzlttpo3d6,18,gfyunb4lhx,10,5.69,9d5t3r56h0
49km4jao95,9,mfqa8vwtlsf,8,12.6,1hnhau3owb
pf2i0nf1yz,11,50o8ou4jrwd,9,11.0,d8nqiia85n
elks39xgnc,12,399jeasixab,11,2.21,wvdyyx3at0
ss9azkrrl9,13,v5bfsb2i26f,9,18.4,jwkp2zw6n1
qfft4214qb,18,74a0vw88gly,8,5.08,jwkp2zw6n1
7jogbrhyd6,9,5oqmqlyh25d,10,18.9,oaonu3fwmn
1zrcgv4rb8,17,uu5hyc6lg28,10,14.1,93wtu3ry1o
wy9u4w7uzh,6,hm19p3qcokl,11,3.19,g1xzvz75rp
01bfhpqsh8,14,ts3zzpbif2g,9,9.94,wrfsbsskya
wpbqyu46mq,6,ie1174aq0od,11,7.14,qs61rgvc1z
48smw4pnm7,19,0yg2qi7pkr5,9,2.71,impnnjbgng
rl9do9aqze,13,aplv959k3o9,8,2.70,xofxkzn4de
bpq2rrke0f,17,2iy4ngyqyzu,10,17.4,vdb7ef1esa
6dphj9yiy4,7,t03exs6phq,9,19.3,3xx5h79eqn
vw2kavnoel,9,tozrnlttd5r,10,8.69,3l0pmhz9s7
bm55yqr83l,19,ehn31u09a5q,9,4.38,undefined
rvyanrufap,17,ew7aasd6ju9,9,18.7,ixdjuq36jg
l17kown2pb,10,bdg40shl8v7,11,15.0,fp67bgzet2
hkpu92p341,10,198v6902wyh,9,9.21,wehtbgfla6
9152d1ba0f,18,kr5hz62l05l,10,18.9,9d5t3r56h0
uukuztudxt,7,9dp9kexwmxa,11,13.2,8r2b4md8sf
t5r93i43sr,7,wx9l5c7hhf,10,16.4,6svq63eznj
6ar2pa52n6,5,ln713xwg3m,8,17.4,zw0yy84a5x
s6csykzue5,11,0i4suqj20scu,10,15.0,oaonu3fwmn
fvl96ee5hi,17,w5827i82kb,8,1.22,0tf6nmfoxa
lfwjayz33u,17,5h9j8al7kcv,8,9.83,quh9u6qsn4
dc4dqzlqrm,16,mhm5uhhadgi,8,6.75,9d5t3r56h0
n1ej9fvda,13,dhyl139v4su,11,3.29,cusdv52h0w
n8d3ybwzqs,13,f1an2thsqho,9,1.66,quh9u6qsn4
9lma7r78ze,18,aw9gk8x7mw6,9,5.75,cusdv52h0w
hni6zgcc3v,19,svmki44z7,8,12.9,3l0pmhz9s7
glg3u4fy1s,7,0jf7gjf21ym9,9,16.0,wvdyyx3at0
g3dzbdave1,8,4x46kvh0qyr,9,2.96,g1xzvz75rp
8rqfg0q7tl,16,cjyr0q3075,8,16.6,x79qs8pu59
bwvestxuul,16,wi8ro2eiv6e,8,1.52,wrfsbsskya
entuze4v9s,17,5l3ig8wxx8,8,10.8,undefined
qoevv4p6cy,8,b7tb08ow29,10,16.4,ixdjuq36jg
u4ahrd0qb7,17,tffer55xnej,9,3.32,9j2mfw9465
5ek0p3p0hv,19,wveya02ndb,9,3.36,ixdjuq36jg
uf3j0t1j8m,14,4mhsfs25quj,8,12.1,cusdv52h0w
i5y5v6obff,18,i0u9emal12,8,19.3,wehtbgfla6
xu1p8671xa,7,q050v8cdmuo,10,12.5,a9hr8tnash
pqih2mhkkt,8,nue4ysvncd,9,12.8,8r2b4md8sf
t8exogi8kh,6,pobpzz83jk,10,8.73,9j2mfw9465
zsl8qsw2n6,17,4c36smwsxnv,10,10.4,1hnhau3owb
dpit60zqzw,17,zq0w2plwqpg,11,11.5,9d5t3r56h0
3b4hjswnjg,10,mvj7yu33xvm,9,13.2,oaonu3fwmn
bhvdqfbhvp,13,jqmlft9sz7d,11,2.40,yw1rvfi9h2
fy5tf7gzgf,15,38w6825g9s7,10,13.5,0ixoq3vkrf
ehfthb34pt,11,cltmmsepjw9,11,7.46,827lhluym5
gi1pheh7ad,17,8gwce4wm655,9,8.26,ixdjuq36jg
f2bb7i48h4,18,unsgwrmujk,9,2.73,r1kww8e2p1
7lx4n57ttx,15,ef8lrnxmm55,11,2.19,ns34tpsgu3
15kcp6z7qa,19,3mck49li79b,11,7.03,ns34tpsgu3
k3o2v3qkek,14,fngv3hj4hms,8,10.3,0tf6nmfoxa
g2vf5w5j1u,10,fq7wpvh9xql,10,15.0,x79qs8pu59
1hluub6rq2,5,eise20484p,11,12.0,96rkp7tu50
dg2x2rtuee,6,iw2e8dmv2sq,9,14.0,8r2b4md8sf
0e3qfhfz8x,11,i4yj8ejf5bk,10,8.77,sx2fcnci7f
n6zt0ij7nf,9,l3626vhz4uk,9,1.52,eeqskjwn2l
w91jsy2xc3,5,vtisneyyof,8,18.0,s3psdp41sc
9lbzk66c62,18,tzc8edaqvx,10,15.0,wehtbgfla6
ptzkgmj1zo,6,tx5u7lplj0h,9,15.6,0tf6nmfoxa
o0cnxrih37,7,itycsiiart,10,19.2,zw0yy84a5x
mfx3e4e8d5,19,gof8gwcbrq7,9,14.8,d8nqiia85n
2gi91vnnu4,9,q6jh4uh4cmk,8,2.82,ns34tpsgu3
5k939h4900,15,neoufg55ml,9,13.7,wvdyyx3at0
fv61k3hwej,5,fb16vlnjpvl,10,19.3,96rkp7tu50
ob5wpowmhl,9,nclfrwmnk7h,11,19.8,jd4fipft6f
sjveab0yzd,11,6osnosm2bhs,11,5.31,jwkp2zw6n1
k20cjchefj,11,8btq7qnbjsm,8,16.1,0tf6nmfoxa
evmzbehxdp,17,o75i7b64ay,11,15.2,kfovmnegu7
m1cgc2tceb,16,rli8qzr4mvf,9,18.8,d8nqiia85n
i0y4dryztg,13,rwmamzrmag,8,18.5,nxefghjuo9
9y83y15tjw,11,j649baoftdc,10,2.71,3l0pmhz9s7
exsrl0593s,7,jvdn1j314zr,10,2.58,zzm69xc4cm
2urocfulsi,12,3sciew7w7uq,11,11.1,jd4fipft6f
56i2rck253,9,yusvh5vr87a,9,6.59,r1kww8e2p1
cao95k885n,12,qpb7agr3wh9,9,9.75,xofxkzn4de
we38ww7rj4,18,xxbe12oh3cf,11,8.91,vdb7ef1esa
ophdkfz7bg,7,1cfrwny532s,8,14.1,1hnhau3owb
ujeq3hxe3p,13,9sqqtqg4iwq,9,4.11,s3psdp41sc
eo3ivhy1pp,14,l3s4o3dbz3,10,9.97,6svq63eznj
ui4rb1sytv,11,h48jqhyw6md,8,2.76,a9hr8tnash
egtcbtim0t,19,cd5cnb5mwhh,11,15.6,vdb7ef1esa
keg8btbeht,12,fwe7d4pm76b,8,5.41,8r2b4md8sf
46oauo2sdb,6,c65mqcm2gnp,10,17.6,3xx5h79eqn
v22jv7rdfn,19,qe8nwq9ws7r,10,16.2,0tf6nmfoxa
ml1jum5esi,7,xpkizqmuag,10,11.8,qs61rgvc1z
kurhwvhd4v,15,n8pgd17rayi,9,9.12,jd4fipft6f
k9bkgdi0o5,9,074ysul8xvm6,8,6.31,ixdjuq36jg
l61mixeja8,9,neb8bu620jf,11,13.7,fp67bgzet2
qgo8dl8yti,10,ywtc5hspiaj,11,12.7,jd4fipft6f
lvv9eaypem,17,0jmtysli4zm9,11,12.0,fp67bgzet2
dq36qdvqc7,6,xl1b76jdm2g,10,6.48,sx2fcnci7f
kcr08smw76,19,km5bt53167,8,8.07,sbsmbsyl70
2rubtf8zi5,17,wkevl1os8k,11,1.37,r1kww8e2p1
agkcoy5su9,7,flzho7vf2bm,10,9.17,93wtu3ry1o
qb5xqgxm41,19,dx9mjskynx,8,2.07,96rkp7tu50
jqwwwbzauk,6,77m1m8yw50y,10,8.83,d8nqiia85n
0g5wbhqp5r,8,e3o55517seb,9,10.5,ixdjuq36jg
q5drphaoqh,10,4n7c05vqge,9,7.49,a9hr8tnash
gz2bvgckpa,12,cvo7w2nff7l,8,5.88,jd4fipft6f
v2i8ggft4q,19,82xup6x1tna,9,15.7,3xx5h79eqn
xq5pvz9llg,5,n55xpxhxn2m,10,10.4,1pvsw65nm8
xde8v9wzcl,19,qeca9rf3mt,8,1.09,wehtbgfla6
vecn9i77c5,19,gvavz46twoi,10,4.55,jwkp2zw6n1
56cjwzv4p8,9,c2flvby3hl,10,6.51,yw1rvfi9h2
siisqrkixm,18,awnunafzrv,11,5.03,5xbwr73uwv
bqmeges3ic,16,nhbdid2opg,8,11.5,undefined
la8il1ypgc,11,um97ts0qrp,10,1.03,zzm69xc4cm
h5hhjv52yd,16,bh1e4lim8b,10,18.6,fp67bgzet2
veggtjqzil,6,htthpnoms8l,8,16.0,xofxkzn4de
fs8jgwtv8r,12,1t5af29vt74,8,3.50,x79qs8pu59
2rfw3b7l5h,7,kaiwd0b5i5i,9,2.87,1hnhau3owb
wopo5jl06q,17,skfr2ye3cr,11,12.2,6svq63eznj
maqdtv16i9,13,1ls7aaag6t3h,9,15.7,d8nqiia85n
w4yn60b9bu,10,f0a8ba3x88d,9,5.96,827lhluym5
nhe5xq00s3,13,aaxla33itrv,8,14.8,1aalj4pqdf
y0s6gn6g56,6,c0v8vilkvr9,11,11.8,impnnjbgng
g7y6ik1nms,17,ov0e2xh43ik,11,14.9,1aalj4pqdf
hfghpzb6ch,7,6r9e2a6ati,8,8.51,bb1dsay84h
mp44p2d4ux,11,ujplos5619q,11,10.5,g1xzvz75rp
pix114h9sc,9,io627dormwg,10,12.7,s3psdp41sc
t1yohwyd4k,18,x4kernuzck9,8,13.8,r1kww8e2p1
er8fa05x9a,10,0anmtce3hky8,8,15.1,82d295mmyi
peo2sivfsp,16,utm9apljoj,8,4.68,hms7omtj8o
qpwybak3i0,6,wl95fk9gclm,10,15.8,impnnjbgng
wt6giafs97,10,4j08lqqrfsv,11,17.9,3l0pmhz9s7
qdh5y3ze2w,7,yv7m2257e4c,10,15.1,qs61rgvc1z
ncqiis5mjs,9,84y7dj83na6,9,16.7,jd4fipft6f
5ynu7ssalv,7,x5ajnbwwn8,9,12.5,g1xzvz75rp
4fanpuwpd6,9,gtip5318l9f,8,3.90,6svq63eznj
4qftkm5e87,7,2mciigrs9iq,9,8.49,tr5rkj2qfj
mx349neyfe,19,04mjmrg4bsca,9,7.90,hms7omtj8o
6x2vrc023k,6,mxyi8me5j8,9,7.87,yw1rvfi9h2
0u7nzc0bh2,7,vssz5j0xly,11,5.36,4pardvh0jx
kl06pt8xe1,18,cd8iu9bxnah,8,7.86,0ixoq3vkrf
bwr7n4lpuw,14,genf49ocgmu,10,12.5,1pvsw65nm8
o4tb3459gp,13,wbg8mbn1toc,8,3.62,3l0pmhz9s7
zmddrqar3o,16,i94roy57h4,11,6.24,6svq63eznj
pjecofqnx2,11,t8p5m8n6ppe,8,1.73,1hnhau3owb
l1pk7sb8ye,8,y4vpr6kgem,9,18.5,zzm69xc4cm
8qr7h7k5jg,14,az5nku4pd7m,10,4.08,wrfsbsskya
7i52h9xdg9,5,hshd2ivrtbk,9,5.09,4pardvh0jx
4c7l1pptq6,13,sstyu6l54x,10,8.26,1pvsw65nm8
5kwpzuwehh,9,109c30ne3zwe,11,8.91,1pvsw65nm8
eihc8hpymo,19,8ho94z94h4w,9,10.4,kfovmnegu7
5ki4an34d2,9,x1zrjxqxph,8,4.79,jwkp2zw6n1
zxn379jb9j,8,zrdpni8k7a,10,2.56,oaonu3fwmn
m5mhqwlwiw,7,igeq0s2grvt,11,2.99,0tf6nmfoxa
yptorbe2sk,13,oj9y9qtj5l,9,6.27,cusdv52h0w
e4mp3ugi7e,5,swhygfd639,8,1.22,5xbwr73uwv
y49qimhnx4,5,ykiyd5fun5q,11,16.4,wehtbgfla6
gh8a6nze98,7,1hh7u4bune1,10,4.17,0tf6nmfoxa
gr3bes12ga,12,mcng2g0xh2k,9,6.65,wehtbgfla6
6rjna2g3vi,13,n3x7o1hi50l,11,10.4,1pvsw65nm8
r927tm334n,7,861fdnu103g,8,19.5,4pardvh0jx
13fzy4i132,13,mjneup3tapm,10,2.96,eeqskjwn2l
jppznzz5yg,5,t4hno8yaghf,10,13.9,9d5t3r56h0
pgt5jkzk8c,8,c4vv4rzlna6,8,5.22,zzm69xc4cm
njown4ia53,9,9lt17hbipj,8,16.5,oaonu3fwmn
naot9qy7t8,13,dmhxfmtsqh4,9,16.9,wrfsbsskya
e38id82slx,15,79md0ih7qgs,10,6.32,65f12imxp3
5pp8rner5f,14,omhtfwdiby8,8,10.9,wvdyyx3at0
1ric7sy8bp,13,9jx3abvfmdu,11,7.09,9d5t3r56h0
uhvyjzmn86,6,fy4150hwgut,8,4.38,xofxkzn4de
jg0fd7sskf,14,1bsw3htqua6,11,12.9,fp67bgzet2
p4sgwdaw43,18,b98nyl7unh9,8,9.14,qs61rgvc1z
z8es9chno7,13,dmd7zsh3pn,8,18.7,fp67bgzet2
zkb7gb9078,12,u0yf4n59add,10,8.52,9j2mfw9465
glfud3bk4w,14,tfglw3z9bp,9,17.3,82d295mmyi
8cpfp3hxva,12,w062mlwame,8,19.8,qs61rgvc1z
ak6shli7nj,12,85ojqm4efwv,10,3.52,cusdv52h0w
9n7xil6593,11,oprvbst6c,11,15.7,9j2mfw9465
chmw0ee2kj,12,bqtjjiq4s9q,9,18.1,sbsmbsyl70
9n393ap6pe,18,ln5tdbxz17,9,4.26,vdb7ef1esa
or4mji7mp1,9,x933fn42j3,8,13.8,eeqskjwn2l
sjma4bw6kh,9,gh0aetlu7aq,9,3.60,5xbwr73uwv
l9hela6hi1,17,4i8j160lgyd,11,6.95,d8nqiia85n
lxsltvr538,7,upr6lt8a3l,11,6.33,96rkp7tu50
ll3dkxwyik,13,7nv99sjhuv4,8,7.38,wvdyyx3at0
4omso5u57n,19,57lf0103szn,10,17.6,a9hr8tnash
ze4m8uryjy,14,qwftrppiezq,11,7.56,9j2mfw9465
uew0g0htwn,16,eigosn01726,11,13.3,9j2mfw9465
yznpd03rka,13,7ypxroibp8,10,13.7,9j2mfw9465
ht5wq7zt2j,12,8rptg4zpjrs,9,1.75,zw0yy84a5x
r3tbw84gvf,18,5quid37o88l,11,18.9,tr5rkj2qfj
0532wq4cme,9,ucu7qk6atp9,11,2.06,oaonu3fwmn
br3kdv7cf6,13,gqonwee6m9i,10,19.6,827lhluym5
at48z9d37h,12,f590ql8dbyh,8,12.2,zw0yy84a5x
ad8h15o24s,17,c49h92hox2,9,12.4,oaonu3fwmn
rizhphgh95,16,qz4y3aq9fj,11,7.76,wrfsbsskya
mvszlz673k,9,jego1gs6z2,11,19.1,x79qs8pu59
t4eficzk6t,9,aohr6j5r2rg,11,6.46,1hnhau3owb
j7jlx5vp6f,17,vm9ml3q6rvp,10,8.79,9d5t3r56h0
6i9av4qx1s,7,eljp363ikrb,10,11.7,3xx5h79eqn
74rszzrjr7,13,p91rldi4f2d,11,6.65,zw0yy84a5x
83jzjmqpmu,10,q04z5nqqzda,11,10.7,93wtu3ry1o
icgzlf4t05,19,atjxgjmpixg,9,7.81,jd4fipft6f
5h8wnmaui5,10,lj4x7r6h2v,8,19.7,zzm69xc4cm
gj85altu23,16,uumeidtycj,10,3.61,6svq63eznj
z7nxjt2mc3,9,tai6vnb8i4,8,8.09,ixdjuq36jg
dmcfhkkgx5,7,on0j69o7gm,11,16.1,827lhluym5
ibli99g3pw,15,jgdib3j68xk,9,19.4,fp67bgzet2
ji7qjmic63,15,qpew12r504l,10,11.4,zzm69xc4cm
pfsqolep38,17,skmwbi5hhv,8,16.1,9d5t3r56h0
jt2qk703n3,8,ba7vhyh8i9j,10,3.26,96rkp7tu50
96ec94vrx7,7,vzvu1v0klkm,10,12.4,g1xzvz75rp
cnhkeqgvqt,12,2rkfaooby42,9,3.33,zw0yy84a5x
uk0btxmfbk,7,i5lzp6xp0a,9,19.0,wrfsbsskya
ch4szzn97r,13,p6dqd3cag,11,12.7,1hnhau3owb
emh6cy9r5s,15,npf2581yyt,8,2.69,0ixoq3vkrf
wxfwissza5,19,vta7abesb2g,8,15.4,bb1dsay84h
4kexfaccij,12,jjkaur2z76,9,9.39,vdb7ef1esa
v4xr8lz9xu,17,n10ujau4n59,9,1.45,s3psdp41sc
ardagpy7es,12,crs2sas1ko8,11,11.5,vdb7ef1esa
v3jtc0gagt,9,93d8w4il99,9,11.6,undefined
dhhk9r7t20,6,aiuyeaif6wm,10,3.81,9j2mfw9465
ped54f2jc9,15,87ox9hsd9ir,11,11.1,a9hr8tnash
nnztcsxw66,19,om7g6l61kz,11,6.31,fp67bgzet2
hdzpyt6yhd,13,8zmsmiuoryv,9,17.2,96rkp7tu50
38fmm9qpvo,15,nq8iv9i0bhb,10,1.99,jwkp2zw6n1
s6g6zt0qr2,12,xo4nh77zzre,9,5.70,cusdv52h0w
l8olilswkm,9,059mgvoqnuts,10,10.6,cusdv52h0w
3giat1l87m,15,2rm3qwq6a1o,9,18.4,1hnhau3owb
7fwdq4n8m1,16,k4c1zi2ztid,9,13.0,sx2fcnci7f
asrp5hx0u9,17,abov2i7epa8,10,10.6,qs61rgvc1z
6h8a5pu4zz,13,3p9sc06bzsj,9,2.13,82d295mmyi
ctv95os16m,17,1m51oqvtl0a,9,2.40,9d5t3r56h0
ubbi57cln2,17,j3qu09yt7se,10,4.46,vdb7ef1esa
ea7cka5tgp,14,h6q3wt6hn8k,8,17.1,g1xzvz75rp
yrai3d1cg8,9,fxzidcustq8,8,12.4,93wtu3ry1o
g1z86ejowo,11,gly1xdo2roi,10,5.76,kfovmnegu7
3xgl8yzy28,8,677n341cy8a,8,10.8,3l0pmhz9s7
3p20bncmjd,16,8viv18a93ip,10,14.4,9j2mfw9465
va636udfnk,10,wk9g0cxe33d,8,14.6,6svq63eznj
hvkopseaqh,13,uychi8t1o8i,8,9.96,4pardvh0jx
e8w0tlgyk9,19,xc71zi2rkfg,11,13.0,1aalj4pqdf
3do8g3l81u,9,dxg00nxo6m6,9,19.6,6svq63eznj
434ic92szz,6,060m0251rzn6,8,8.50,wehtbgfla6
s649s1r7mi,6,kc5va9kcaab,9,17.6,s3psdp41sc
2ywrnk6uvo,5,yyns05kpkqa,10,9.11,d8nqiia85n
7v1vssc6wc,13,81c18zx6no3,11,4.92,82d295mmyi
qt4y4q1rzq,10,btz6sxx948a,8,18.1,1hnhau3owb
lsh4cbd6dh,14,pm35zgtkre,9,17.3,impnnjbgng
omay03ke9t,9,jvts86szjlk,10,19.0,3xx5h79eqn
fysw93gkdw,18,07oicdnqquu7,8,11.7,vdb7ef1esa
i474gop6th,15,7tws372stqe,10,3.00,g1xzvz75rp
pcn78vslam,13,pv4wz6ie7ff,11,7.04,96rkp7tu50
z3rrixat34,13,fl64wemeokb,8,2.45,oaonu3fwmn
qhfoaxamse,14,4jl55xlypke,11,8.25,8r2b4md8sf
66chh965gd,8,fssyioqy4ps,10,10.2,4pardvh0jx
510xn4rarr,17,e0yq8ligdfu,10,3.66,zw0yy84a5x
0q0u4dyhsl,7,wimtwq28cr9,8,3.39,wvdyyx3at0
3yjidfxd1y,10,l8b7drbgoil,9,9.38,yw1rvfi9h2
c68axmbc0w,5,04l260hfqf6k,9,19.3,d8nqiia85n
iz3hhtkn0s,16,qrci543wdh,11,6.29,93wtu3ry1o
4b5td2008l,5,b2jrn7vr91,9,4.32,xofxkzn4de
v0a2im4hkv,14,3kf6ljq1i4f,11,12.9,wehtbgfla6
1xeteq3z25,8,vhwpdpzyv3o,11,4.49,jd4fipft6f
gne3nrudy5,9,r4y1mm42h1i,11,5.92,wehtbgfla6
vhf4y542ea,10,mf058nysad,8,2.96,jd4fipft6f
8pbuflepvu,16,uutlqzhgltn,9,19.6,6svq63eznj
r7rmmqb9zu,18,dkui7qp7ep7,11,2.53,5xbwr73uwv
pguua2njww,18,2ak9jb1xm12,9,14.0,quh9u6qsn4
lp41uyh3l9,15,e0187of223n,10,12.3,wrfsbsskya
xb6tncb2l3,18,sadw5xev79,9,15.9,d8nqiia85n
19xivdnn41,8,udm3h9ptlar,11,6.38,3xx5h79eqn
gt8s0h672t,16,bzedakmo43,11,11.5,827lhluym5
isg99tp86t,9,j5b5n3zkm7,10,14.1,oaonu3fwmn
jcc3dsg510,16,yeryidatwxi,8,8.25,bb1dsay84h
0df3aup8ba,11,10k4bmkupwrr,8,15.0,8r2b4md8sf
5xprmfevln,12,f393n0og22,8,4.48,a9hr8tnash
82t5gzdsjk,9,edoibij99aa,10,8.18,0tf6nmfoxa
1yhqd8ummu,14,xadtd2xdqag,11,16.0,9j2mfw9465
sc67x2tle8,19,skq3i6o5cdn,9,8.10,0tf6nmfoxa
aagwvlz5rw,10,oi7aub0t77d,9,16.0,96rkp7tu50
61dgs6bfyq,11,7eugcjo47w8,11,5.62,nxefghjuo9
2we006j51q,6,jskjanvyjrc,11,13.5,1pvsw65nm8
07i9kzvfwi,10,7cm399g8r86,8,1.12,x79qs8pu59
tcwj8jmt0g,6,xfqed3qi3yn,11,5.25,96rkp7tu50
oevehh14ja,14,ex5p1vcw8jb,9,5.58,hms7omtj8o
cdfwm44n8z,14,ktkt5w6h73p,10,6.10,82d295mmyi
3nqklwyrg8,5,e8sjni8g5t9,8,8.07,9j2mfw9465
1952j8clkg,12,j0plh0syr3e,9,8.91,yw1rvfi9h2
q7cjgjv7l5,19,by0jdztuehf,9,3.28,jwkp2zw6n1
syi6fk7ibk,14,f9w3ft036pc,10,4.89,jd4fipft6f
vqd4991asb,18,ps162l30hsp,9,17.6,sx2fcnci7f
7v0btujlfo,11,3cz1wabtl19,11,4.86,s3psdp41sc
rbq1lo0apd,8,twkhpudro1i,8,2.15,jwkp2zw6n1
j36vzyaa10,5,mbkasz7vblb,9,16.1,9j2mfw9465
y5jaect4my,6,95o07wxa8sm,11,16.3,tr5rkj2qfj
amfij8u3c7,8,2czmuoynq87,9,19.3,1hnhau3owb
6l9oy5v0hr,12,fv3tdj2cirs,9,2.20,a9hr8tnash
axn0ugh8b3,15,mngingcbf2r,10,13.4,zw0yy84a5x
d3j6dwz58i,8,lzlviczkxp,10,3.76,vdb7ef1esa
774uw4bp3h,13,q9cnndqp0ls,9,9.64,1aalj4pqdf
xda5lizi9v,10,371mwg7z42b,9,5.98,impnnjbgng
8ybzx3qm1f,6,aeikboqmqbw,11,6.77,oaonu3fwmn
eej9kcfrb5,16,qrhlfrc6yr9,8,15.0,zw0yy84a5x
nh9ytvjgjr,8,aszqddc5cy,10,16.5,6svq63eznj
ohlbi061ax,9,e1bnd9zm3p,11,7.48,9j2mfw9465
d510n6zneg,13,gfis66si7b6,11,11.0,4pardvh0jx
pjf8hrttj8,12,ew9scqz234a,9,14.0,eeqskjwn2l
vx5dxqiavd,7,tjfwzzafzyk,8,8.71,s3psdp41sc
xa2imz4ab0,17,k581mbyui0g,9,6.84,a9hr8tnash
wtn7nwjkrz,15,3wgmdd0ncc4,11,14.4,wrfsbsskya
g0511ybh52,12,t54n3hecp5,8,16.9,1pvsw65nm8
14pumcxiax,6,akbesipava9,10,2.13,cusdv52h0w
vnevc2t1iz,17,xyacen2q50c,10,7.82,9d5t3r56h0
xawd3bgljn,10,0n3nwsyif21,8,4.93,1hnhau3owb
weskocalsg,10,6ov27i54o2e,8,13.4,827lhluym5
6pvhqsbbbv,5,gcxwqpi7txp,10,1.07,r1kww8e2p1
nofncqnnwq,12,qyizqbfcfq,9,2.04,nxefghjuo9
1jvb7mj435,10,c0t6hxvhbnf,9,10.7,1pvsw65nm8
faaql1y8uo,6,88y5iorqdif,10,10.4,impnnjbgng
5rqgnzrlhz,11,pt4t4pd9pvr,9,1.76,bb1dsay84h
smr2dtuhca,8,j84s0b69zqm,10,12.0,x79qs8pu59
5ngvnqxfvy,9,mhembk0hyu,10,9.97,jd4fipft6f
ukgdsafm95,17,5q9a4jei40w,9,10.2,fp67bgzet2
pxx4yvjo49,12,p7j5vjt4yyh,9,7.70,d8nqiia85n
t5p8ghkezz,6,l9lqrk67uit,8,7.28,g1xzvz75rp
rp4x1kzjpp,10,1nhkahv8lts,9,14.0,hms7omtj8o
ipu7di7b6t,18,sdynqw851k,8,16.1,undefined
xtraadqrpu,18,4vd0z4ovwxu,9,18.5,4pardvh0jx
08orc5w4xu,19,ly79qrn5b7,10,12.5,zw0yy84a5x
44ikuv2tkw,15,co2fu3tgn2p,11,8.98,6svq63eznj
ywcoyrig3o,5,efat7331xej,8,14.3,nxefghjuo9
d83u76itko,6,i9gnzm2t3z,9,1.19,s3psdp41sc
4a7hh2uoh0,13,ufn5e067g2g,9,2.92,9d5t3r56h0
as7h9kca53,10,pz8gzrdrfr,10,10.1,eeqskjwn2l
ychqch8ug1,7,z27kn0ca90p,9,2.78,r1kww8e2p1
xrp7ncyrd3,15,9v5e4yz2ob,8,5.54,827lhluym5
u4x1v62ee8,7,hcimkydisb5,8,10.7,s3psdp41sc
j3omnjh4l8,8,p1akntzx4ec,10,16.4,4pardvh0jx
j4v0hrfpiy,7,rlibbg7y4xp,8,15.6,9j2mfw9465
zug2rz3rta,17,kn10gdkw6hb,9,19.5,93wtu3ry1o
i26r8jq7ga,17,vrsf8yfjy3,8,14.9,93wtu3ry1o
df8bvu4b9r,17,1zxk1yyegl7,9,10.7,oaonu3fwmn
mpwpf6ts6s,9,wt86n58yrym,9,9.25,eeqskjwn2l
flv0lwjgre,9,u7r5zu19pw9,9,3.09,xofxkzn4de
txuh2pw0lp,5,uhawync79h,11,9.90,bb1dsay84h
wr6dqdu43u,12,aqblgyrjkv4,10,10.7,g1xzvz75rp
rktvnhkoqz,18,u7i0mlcwth,9,3.90,jd4fipft6f
h278yimleb,6,kqa92609yw,10,14.8,5xbwr73uwv
jyo9m11ph8,14,75yw3wk3etg,10,4.48,r1kww8e2p1
xil8843pnc,16,8jv4mtm5mfc,9,7.79,eeqskjwn2l
ymxj2viyq5,19,inxcocxz1v,8,14.1,cusdv52h0w
9295z5pk5j,19,85vookw1au2,9,5.34,93wtu3ry1o
4pv6ko190u,19,zgbhghyigsa,11,6.49,nxefghjuo9
7syul8fxe4,6,k7rawvhecvb,11,3.44,0ixoq3vkrf
i5vj5g156b,8,3q7yxklgbru,8,4.82,jd4fipft6f
g2hl7dxoaj,15,hw1cjwe0jan,8,16.5,eeqskjwn2l
m98kromnvd,11,qfo0y1u0f7,9,9.35,wehtbgfla6
kc28f3enuj,6,c4ralhcn7x,8,2.12,3xx5h79eqn
lv0mtr7cqm,18,25294tfrzhq,11,6.77,1pvsw65nm8
6q40na5shh,11,odo2pf69znj,8,6.70,65f12imxp3
gvhb8wzmbn,16,haevc5wopon,8,16.8,s3psdp41sc
6fak2cotda,6,tjcxx6zq9e,9,10.2,undefined
7apx766jf4,13,fx217vteclt,9,2.45,1pvsw65nm8
14jdid628b,14,m4rv3yohnom,10,2.23,96rkp7tu50
88ks97tejt,12,17zp1ji5zas,11,3.48,x79qs8pu59
swj1ravrix,8,htj6xod3dho,9,14.4,65f12imxp3
vntnlv9s6k,10,y0caqrh6l99,10,5.36,5xbwr73uwv
x7u1onf2tn,16,8l1orkhc42u,10,6.67,fp67bgzet2
xvujhr2euv,10,w21o95ug0qb,11,7.73,d8nqiia85n
9qj8b6q2ir,18,ciulf0iypyr,10,8.72,zzm69xc4cm
sr26aabsgx,9,74xhhx59dsl,11,9.75,82d295mmyi
7y9zk2kik9,19,nqz911gdtmf,9,14.1,8r2b4md8sf
14rwmddm3z,5,l7q29xqyz6,11,6.88,jd4fipft6f
a5erelxp25,10,ntpevlgj2gc,10,6.71,9j2mfw9465
y5tsj1iddl,16,iy3qlbcue,11,17.4,impnnjbgng
l82kdugayg,6,aaihjiwamtp,11,18.1,zzm69xc4cm
gyac4qv1pc,8,3qilhy2tdq7,8,5.81,ns34tpsgu3
k3pbr3ldt4,11,o5ojavvpyma,8,19.1,wrfsbsskya
6i0d4uofsn,11,0bolqbrhp5h,11,10.1,6svq63eznj
btiwtfux6t,17,hj8lahw5maj,8,5.55,fp67bgzet2
uyp8tzlna0,10,7smqx0aj595,10,18.2,3xx5h79eqn
71662qfb3t,7,q4hfh6fe7z,9,7.21,tr5rkj2qfj
c9ay5z7smm,6,4f5xxfsmrx5,8,2.29,impnnjbgng
cnwd37wkwv,7,41vrbcz7ikd,11,17.3,1aalj4pqdf
gmuf9vf0lg,6,t5lj5w5f5m,8,15.5,0tf6nmfoxa
k31t4v7x3e,11,34hxtz5hiqt,11,12.2,zzm69xc4cm
ek83r23nqc,9,dsrnegsk37,10,15.9,zzm69xc4cm
wam9kliew3,19,lm92ia78n1,11,15.9,g1xzvz75rp
efid2u0ipx,5,4wvr7fr094,8,11.0,tr5rkj2qfj
ld6fm5liw1,12,c7035ig1tsk,9,13.8,5xbwr73uwv
mg690ilkis,18,77zrhsb7kq2,11,3.81,0ixoq3vkrf
gb0am3c29g,8,y32fktudzs8,11,9.10,kfovmnegu7
90cxj3ovwj,8,nc5q1r7okaq,9,2.33,tr5rkj2qfj
