0,mmca6v7thg,165,41,68,M,Grow Back,t9f7oyv98w,01358dp0zq,Home
1,7129xgptrq,163,182,28,M,Grow Back,fr136gqctt,u3mq8whs5u,Home
2,b1duko7u7n,152,191,81,M,Lose Fat,u2xq3mdma3,kdxhnugl29,Commercial
3,256dsw1zk4,194,194,24,F,Grow Chest,p6fa2rtdv5,dfgmipp4pl,Commercial
4,qdxsn5f241,155,91,60,M,Grow Back,1u5h9ddwwp,65wwrrnxup,Home
5,v4qv4gafpi,186,196,68,M,Grow Back,0gnso951op,qu9xb1tjh5,Commercial
6,g68vl031uv,151,144,58,M,Grow Legs,y237gdif7f,iiknq979q1,Commercial
8,0fby8ssgx4,173,191,78,M,Grow Back,36u4ga0a5p,2w3a53kk6z,Home
7,hbf245r53r,195,108,77,F,Grow Legs,dlojttgvvp,s8mlgljomn,Home
10,kh5te0w709,198,109,48,F,Grow Chest,o3oc2zcic6,gr9hmmdg21,Home
9,cqcg4ehi7v,179,40,58,F,Lose Fat,w9bmcciz7l,m8mtdlnw5a,Commercial
11,z017i3kn1r,159,153,26,F,Grow Legs,erfar4u7jo,fgb39p4hpw,Commercial
12,cf9y4vw58m,192,182,74,M,Grow Back,7slqc8zg1b,b1cajdk1na,Commercial
13,6vlah6zq6f,165,124,70,F,Grow Legs,epp8me9xwm,3cwk53xhbs,Home
14,qlfbr2lh9x,171,175,51,M,Lose Fat,qc6ccr4yi7,lb91x6zew1,Home
15,7gl7clxjf5,193,118,69,F,Grow Back,asfcsbgeyf,jrx7njrv7y,Home
16,t7gmyqoiqn,181,75,81,M,Grow Arms,08ojsaw0i7,n5be2l4ekv,Commercial
17,hw4xua3ybg,150,88,43,M,Grow Arms,n6v0ny4a2d,q1mi7fktyl,Commercial
18,ijee0uaqaw,199,120,61,F,Grow Back,dubpo8uqlg,47vycocdt5,Home
19,9x79mrb0gs,180,168,50,M,Grow Back,fjis205r3z,ywv295liie,Commercial
20,itkq3h4i9n,150,122,15,F,Grow Chest,i295flfenm,x2ukgcxa34,Home
21,1gesrdxge3,185,54,21,M,Grow Chest,ygqzvtkgen,9i6f6kxa7s,Commercial
22,yvfculx1a1,152,45,49,M,Grow Chest,shldyc4rsd,f1ac16ifug,Commercial
23,otjs6ef1yv,179,90,58,F,Grow Arms,vgofp3cygz,u3t5oa1c6k,Home
24,1hiqt63w8z,182,186,75,M,Lose Fat,fle9eu9p6e,x33xlofpb6,Home
25,ymdr5mhhxo,165,127,30,M,Grow Legs,0rt3la6dl5,4zhvpk92e9,Home
26,7ed0jxxge2,171,92,27,M,Lose Fat,xsowg6a97v,losispfkn1,Home
27,ijdxa0z4uf,188,93,54,M,Grow Arms,ejr1zhrnph,6znj9bpxkc,Home
29,fkfstobq44,154,148,32,F,Lose Fat,2oxunq29qi,vpdak2chme,Commercial
30,bn30unajmh,180,166,56,M,Grow Back,o2bezv5uwu,2m8nte0vqg,Home
31,e6rokch1rc,170,125,48,M,Grow Arms,lp3y62qszd,0fddmq8v5q,Commercial
32,no1abma7ei,155,149,21,F,Lose Fat,60p4jhbpry,htrok87m3u,Commercial
33,1ey7wiixj5,178,49,80,M,Lose Fat,sviegsa255,jmulw64g6p,Commercial
34,w6zm9w6a39,176,136,44,M,Grow Arms,ep7n10y10c,ijronrp8ft,Commercial
35,f7pte6l65y,187,88,61,F,Grow Chest,gesh91abk3,4ikrfium3m,Commercial
28,tgyl70vmnf,177,85,30,F,Grow Back,w9wchz386c,rcchma17tn,Home
36,frfsfl7gvw,190,159,52,F,Grow Arms,femufokcu5,odst13f4eh,Commercial
37,xg3u6fv00f,173,167,75,M,Grow Arms,r60fovo2pu,rrntwi3myu,Commercial
39,duseem6erd,160,198,35,F,Grow Back,5avfmltso2,5e7jva8is6,Home
38,qhbc4am86c,162,125,20,F,Grow Legs,epgyjqkbm2,8iglxhc0gg,Home
41,hqptdptz7x,188,122,83,M,Grow Arms,weapblizzj,u9nxhbeb6n,Commercial
40,9skz3jhdpz,185,175,16,F,Grow Chest,8458geuzfj,n0nzq0yifj,Home
42,ff5zbwm36u,164,49,72,M,Grow Legs,f2ix3ed7g0,th1xxlnml4,Commercial
44,pjphfzo04l,159,147,80,M,Lose Fat,pgcf75cfzi,agszy7oiy3,Home
45,md270qw9nk,180,161,21,M,Grow Back,q9ddpqaumi,n4drvlrxvq,Home
43,rlp5obktnq,174,173,72,F,Grow Chest,hav324jgyv,yko8eyj71,Home
47,te8rmh9tyh,151,66,36,M,Grow Arms,7qh1hyowft,dm00lphot8,Commercial
46,86eatq4wx2,196,168,55,M,Grow Arms,8lxwgt7e91,t4xedzw3wp,Commercial
49,5xjiy7qtj1,189,125,35,F,Grow Arms,lw4x3mcqzq,1ayi05nltb,Commercial
48,0u4nwwhbh9,194,175,76,F,Grow Back,ioe0yw6uvy,qhs4izc9af,Home
50,tztlncm8qt,195,44,82,M,Grow Chest,vmyhi5o4sb,m6r5impd75,Home
51,3fszmmhpbh,188,166,23,F,Grow Arms,24fnpb9igd,z0ttj4t6tj,Home
52,jpsf5c03q8,185,63,81,F,Grow Chest,my9p6t61rm,8ycpps3i3v,Commercial
53,fp95hc3e10,169,186,19,F,Grow Arms,lqaj6p8tnu,l921kkp33v,Commercial
54,k4ml5cfjih,164,90,63,F,Grow Arms,y38tqnv7na,qttw06drk9,Home
55,aojqz7hmvh,187,51,31,F,Grow Back,mrtab7cy6q,kwsqcxsqpa,Commercial
56,slrnz8qk1g,178,63,81,M,Grow Back,y4do6lp5aa,dipm3b8k47,Home
57,drivpuv7w5,164,143,40,F,Lose Fat,f9fi6enyrn,xteyutd0lj,Commercial
58,xqlldlsbje,188,64,57,F,Grow Legs,6slvp5wj4k,orhkaqr82e,Home
59,ez9qxkpu4u,150,130,60,F,Grow Arms,gwiumwlc4j,5o10vk4806,Commercial
60,e0u6ckw5c7,196,111,58,F,Grow Arms,ierk1bwa5j,w3v616d3e2,Home
61,fssig042v6,199,44,57,F,Grow Back,poqaggcyf2,dhm6uliqmn,Commercial
62,uonq3j3p17,163,147,15,F,Grow Back,j3byfg59oh,d96qxg9vld,Commercial
63,bu8owce7qq,175,160,41,M,Lose Fat,w9tgs6lowq,hnc8n19th6,Home
64,ixif7ldxxp,167,191,52,M,Grow Arms,351rbz2d2d,gmarz58jhx,Home
65,eqfd3e1ew5,159,139,38,M,Grow Chest,fj1fp1vhon,fk5jx5zmhu,Home
66,0nxuoln06c,152,158,84,M,Grow Back,qg123cimtn,2jurrjcqom,Home
67,cpsnkskg33,163,62,75,M,Grow Chest,ywgpo5j40e,sq473lgvss,Commercial
68,vjmnebghg4,192,61,34,F,Grow Back,h2jbwyi8y9,h9qnrxw516,Home
69,h30y4ndmds,164,115,22,M,Grow Legs,q3jheh0gy8,gvw18eycjq,Commercial
70,udrbk847kr,150,96,68,M,Grow Chest,4brm1weoou,qak5168blo,Home
71,g8l4l0jhii,156,153,41,M,Grow Chest,rfeh63cm65,fhr4q0lp1l,Home
73,8efynfwhnv,173,139,49,M,Grow Legs,khbrxnvbiq,rldn3lu9hx,Home
72,ycnqc88buv,173,188,80,M,Grow Legs,xzx26z2wgk,qj4nkwgt6f,Home
74,9h44s4c4yb,182,85,34,M,Grow Back,z4boavn7te,sk37xtesya,Home
75,kqwlgqs5tk,182,88,70,M,Grow Chest,q5svc4dd02,yv8bx0ofws,Commercial
76,y72br8pc6k,155,127,60,F,Grow Back,810996pgnq,5h23ehgcj4,Commercial
77,c22fkphwtc,164,108,79,M,Grow Chest,g1vivqfcew,i3lehzyhxt,Home
78,7yevbka82t,164,121,30,M,Grow Legs,3wrya0mlqp,65wiw2bpzb,Home
79,j7lcvu9rii,185,155,70,M,Lose Fat,hp87a6r9sj,g6sob2r4l0,Commercial
80,wx4ftir9ug,155,60,66,F,Grow Legs,8niokwborb,bixyif0ejq,Home
81,ajhfoj140l,194,58,26,F,Grow Legs,hnmdoh7wfw,zr5j1xlbpr,Home
82,nw8bk9r5ry,170,114,55,M,Lose Fat,pxsz58hzzd,3blgjvi5zn,Commercial
83,q1hn4zsshz,194,187,18,M,Grow Back,k7e2ahwhhj,x66kpvgthf,Home
84,8ltex6sr95,196,64,60,M,Grow Back,qkuqjxh1bi,qk92jizxs3,Commercial
85,lf67cpqcjv,182,108,17,F,Lose Fat,vl4pnth9g6,e68odahx3e,Commercial
86,tdmhz1p4lr,159,83,55,F,Lose Fat,4pp65wlew4,wx2d0c50q2,Commercial
87,phwllhz396,164,95,27,F,Grow Legs,pepuatc8px,pxfgwfn8nz,Home
88,bgn88mrtnn,177,69,32,M,Lose Fat,kgu98ux288,qejluxp9o6,Commercial
89,vijajwwdr4,190,84,48,M,Lose Fat,7rec2gcj42,2fn14wr4a5,Commercial
90,cle5td4nlv,173,64,60,F,Grow Legs,3pnx2x4hvn,cfj4lvg6sb,Home
91,qlul4m9eg2,185,44,75,F,Grow Arms,ghegpgat4n,nbw900dcio,Commercial
92,xf2ns0ccs9,184,76,84,F,Lose Fat,jx174qxr3w,h5k82zlulu,Commercial
93,28k9cw703o,156,143,19,M,Grow Arms,b60sajeaxu,kgd32qbvy8,Home
94,dfyohou7rf,156,180,68,M,Grow Arms,bhin45vc5a,342ofcuh5p,Home
95,b1xhpeyr0u,154,50,46,M,Lose Fat,jq3uis68c4,zj4a0roz38,Commercial
97,y6snc90h1f,152,166,38,M,Grow Legs,2dnpgnve59,xzoxf1qf50,Home
96,x3nvpwqt66,160,166,18,M,Lose Fat,yo1dej4e3s,69ig081v8j,Home
98,kayvgldswr,160,142,57,F,Grow Legs,1tb7hxq00l,91vrwrjiwj,Commercial
99,pmrz5giup8,154,113,32,M,Grow Chest,o1qsdq6eyf,qd1kl4cptl,Home
100,7m478wikre,156,48,81,F,Grow Chest,pgj6aj7syw,f51r4wkz4g,Home
101,xannm553ip,168,163,78,F,Lose Fat,f49md6cz17,1yazfcxsr0,Home
102,xnbqwcjeng,192,117,15,F,Grow Back,hdjloa8zop,ydgk3e22sn,Commercial
103,m54zkaofaa,191,186,56,F,Grow Back,jvpaxhw1ly,b4eq41qp7e,Home
104,3ggvb33m5u,181,162,73,F,Lose Fat,r7gaywfj4a,0lgdco5tgo,Home
105,9awkgkkoxs,165,80,23,F,Grow Chest,bershlef41,79n9tcuqmt,Commercial
106,bzj3l0df12,178,144,72,F,Grow Legs,85s5ipivdc,oh08lfv1je,Commercial
107,n7xtwir2bl,187,198,31,M,Lose Fat,xnr85tehfz,wixxt94ow4,Home
108,y9eektomx5,155,186,61,M,Grow Arms,6tmcw3ddmn,kkuwnbbozm,Home
109,q0t78mu8ou,156,59,60,M,Grow Legs,1nvyno71f4,nwytq96v3k,Home
110,quy38thcf2,154,188,30,F,Grow Back,omocnjhu3t,8jxxlrdxvb,Home
111,hrdh2f373c,150,59,41,F,Lose Fat,vjnygkaa0v,1fygq415ox,Commercial
112,p543wr82e3,171,112,51,F,Grow Arms,cm91alovw8,3ppor01je5,Home
113,fma1sg2q4z,151,161,33,M,Grow Arms,mnmacw9n1,zct0l0o7ga,Home
115,sr0naktz3p,196,197,56,M,Grow Back,5kooqqryl7,9t4l4dn2fv,Commercial
114,kwp6jtj4rm,155,64,60,F,Grow Back,o599khcxcx,sk4ls4tgfg,Home
116,77tevnd3pc,183,150,79,F,Grow Arms,co5wsn7rkf,fmonak2fxf,Commercial
117,1bdxbkmw92,183,51,53,F,Grow Legs,9hx9iwch8i,qaz44fe52l,Commercial
119,32qqkf1f2n,184,197,31,M,Grow Back,rfemx5dm6m,a70wy29btp,Commercial
120,dr3f1wtqge,199,116,43,M,Grow Back,20kcnic7oi,mca9ayl9nj,Commercial
121,9f6bjcspth,154,80,53,M,Grow Arms,9zy4s63uy8,f9j4538fdm,Commercial
122,buhhukkqqf,182,90,25,F,Grow Back,k5ov5ah5na,5ucny60x2e,Commercial
123,3nzg3ko0hk,181,175,33,F,Grow Back,5dt0r6gttj,3c8uytbl7z,Commercial
125,j95jenljc4,150,182,45,M,Grow Back,zd5shxvop6,77m8penccw,Home
118,z9eh83157b,166,115,61,F,Lose Fat,zwhziwiedn,504ywlyjl5,Commercial
124,njy5zb3z4z,192,147,31,M,Grow Legs,0d5h0qaafx,fy0hfvl6c8,Commercial
126,jjmkjd8egw,189,104,29,M,Grow Chest,sfapf8cf3o,jsfurszejw,Commercial
127,jbs5ackc5g,153,122,40,F,Grow Chest,p9u42umlmf,8k6mxwu18s,Home
128,n4sl4u6d2l,175,114,49,M,Grow Legs,je6af8kk0p,tgvvafpvvs,Commercial
129,a10mhgxt4k,196,70,61,F,Grow Legs,jg7u0zfp2f,mmdc961w6l,Home
130,hse13kowcn,197,93,23,F,Grow Chest,wath8nod42,9dqnvzvd73,Home
131,dsk6vjdmn3,156,61,78,F,Grow Legs,gw5enebqr3,dtzimv2giu,Home
132,vzr7gfmypo,173,195,65,M,Lose Fat,kon3gl6nnw,slrnwptv3f,Home
133,bxx67xue0n,172,70,74,M,Grow Legs,ibuzft3rj0,uqbernkn4v,Commercial
134,sgtpks9slk,179,179,46,M,Grow Arms,y1wgnsv7u5,vu1jakirz5,Home
135,ib6g3j27s7,185,162,29,M,Grow Legs,pzuhppsfsj,b4lnvr17wf,Commercial
136,sh2b637joe,183,106,70,M,Grow Back,kiq7avym1u,a3v84e7lxm,Home
137,p5pydawg58,170,193,73,F,Grow Arms,xsa6a33gl8,zz86bu83rf,Commercial
138,167e6txssb,176,102,32,F,Lose Fat,jnad5f3sg6,1vogumqwar,Commercial
140,188m8y6w59,183,139,76,F,Grow Back,et9i5naqxi,cckmf8e74w,Home
139,ljpsp7x2fj,156,147,65,F,Lose Fat,x332hlf35z,yb3ckmbe82,Home
141,dfe8gezxfl,171,186,17,M,Grow Arms,qfosgxkkj1,1kfmadxoj7,Home
142,qdjniklhwo,172,62,78,F,Grow Arms,bwbvp1x5tl,o1y9jlec5i,Home
143,19qsr8ixmj,173,125,17,F,Lose Fat,elbtvj768g,s1e4kz754s,Home
145,ex6qfr21c5,174,43,33,F,Grow Chest,4jf9wm56si,px81bkonio,Commercial
144,fa361y4pgy,181,148,16,M,Grow Back,szfrwwhya8,vdv1wvuvl9,Commercial
146,euggoc23g0,156,131,25,M,Grow Back,kpn8jc79kk,pqfsk7jlpu,Commercial
147,4fnm39hwdy,192,118,44,F,Lose Fat,3wjh62sh7u,bpgj50yoqs,Commercial
148,9u0f7knuhi,183,187,47,M,Lose Fat,oor9i1kok9,9fv4yp1i2m,Commercial
149,7onipi3f7j,176,117,35,M,Grow Back,cb21kkub3c,288xn2oy7z,Home
150,7av9hjfuk9,153,121,21,M,Lose Fat,sm3e33dg69,2vae4utthj,Home
151,t6kwuzyuie,167,60,18,M,Grow Back,z1g7jc7bb4,ezllu2zf5t,Commercial
152,gfnik3zeq6,168,77,55,F,Grow Arms,082aowia0i,d824r2znw0,Home
153,uj36ul1ya7,161,116,83,M,Grow Back,suo2heu4xs,0mrlxd6h1v,Commercial
154,86vf6khrba,175,162,73,M,Grow Back,7xa4pwr0ra,rwqe9n4m14,Home
155,set38k908z,198,180,35,F,Grow Arms,wy14gzse38,1wdea1hddk,Commercial
156,deu9dbifc6,199,123,79,F,Lose Fat,h06c6b28up,mo9xywn11a,Commercial
157,grxrrun1fz,184,144,27,F,Lose Fat,u6xio5bh0s,jvcwiolmdr,Commercial
159,j024svrrtv,194,43,16,M,Grow Chest,cpks0hch8f,wwmymmxdla,Commercial
160,dglnmzuep4,179,117,38,F,Lose Fat,ciccfff7zm,7aj1mp6bme,Home
158,0x0j6gafcc,155,61,74,M,Grow Arms,mfdjwk2ssn,ox0ovw1a0d,Commercial
161,9ikt8z3bhk,173,145,55,M,Grow Back,zrepg2j8zc,dvfw3lycsi,Commercial
163,ezjngb3oho,165,121,39,M,Grow Arms,dxy7zx07im,vury7zbsda,Commercial
164,mvpzy73gcy,176,48,41,F,Grow Legs,qs9dymwjsw,en3nevr27u,Home
162,5erj4eo18n,184,73,53,F,Lose Fat,yfolild7j2,5hq7lmvidz,Commercial
165,8u1gtt3wx4,151,105,54,F,Grow Legs,hksv2xk1ob,sri7h0ptxo,Commercial
166,t01ie898hb,177,131,80,F,Grow Legs,md3v5dkr4s,d8hhjokcn2,Commercial
167,n37l0as7dn,185,70,45,M,Grow Legs,3tpnkpyk7n,i7ccpqwnvm,Home
168,gcuphhbxna,189,79,82,M,Grow Chest,1osilp1rtk,ihk6wffyum,Commercial
169,afltbevg0c,175,138,21,M,Grow Arms,ju8hr1pk61,4mj5mefysb,Commercial
170,3cn25o0dhi,188,132,71,F,Grow Back,yr3ti9q8q1,l3ahtiu77j,Commercial
171,p32xkzbuak,151,164,18,F,Grow Arms,5dmo86mwaa,rj64cmjg5i,Commercial
172,rqqaymwqli,192,73,84,F,Grow Arms,zd57lqotdh,bebgowq2lr,Commercial
173,cmx8v0yh35,181,199,82,M,Grow Back,tpg1gn7wxg,rb5lgtatfb,Commercial
174,niwyfigyhz,196,97,29,M,Grow Legs,le5ixjfpa1,bi5oivg69t,Commercial
175,bid6l8hai3,150,123,63,F,Grow Back,ozt406xcvf,3j0acyf92i,Commercial
176,q4jlp1267e,179,169,82,F,Grow Chest,h1j10sndjj,9uxd4bcl13,Commercial
177,i864cwdfy3,165,54,80,M,Grow Arms,92mk4k3oe8,hmue1slmn2,Home
178,kae7mstyc4,171,54,33,M,Lose Fat,pydok0x0di,43rw5g8j3f,Commercial
179,5ra8vlo7ni,175,134,83,F,Grow Arms,o862ck735b,oi9f2iceme,Commercial
180,wja9tq5uzm,168,199,22,M,Grow Back,hplmg1mrg2,notmj9qa63,Home
181,he03tjcr0z,152,52,24,M,Grow Chest,jm3zjqna2n,v57iaqub7q,Commercial
182,xbh6a0x2rd,165,87,20,F,Grow Legs,h4qzhakxtv,l4lwbf0lc9,Commercial
183,f9jqlxgzep,180,102,71,M,Grow Arms,9vkcf288t6,90fjwbjyw4,Home
185,hfu5p90b07,179,140,78,M,Grow Legs,nsvidq30sh,8arlj4752f,Commercial
184,sumhr81dhf,176,95,73,F,Grow Chest,rr89zrc5nu,b9lpb7s5ii,Home
186,hlr79gsl1j,190,89,66,M,Grow Back,6m624ws9x3,q5blf3fo0l,Commercial
187,0epq4l59q7,153,185,56,M,Grow Arms,qhdu3yh1ip,e5z9z4liyu,Commercial
188,6vj2tyxin3,187,58,17,M,Lose Fat,1p5067kt0s,7b73jh4dns,Commercial
189,h4ceufdooh,153,190,30,M,Grow Arms,zfk5u9ogpt,1qidqf3ywz,Commercial
190,euc5xg4t9k,154,60,43,M,Grow Legs,dlv1rtcmjw,1llhd6f98t,Commercial
192,u6jpx947zc,165,191,50,F,Grow Chest,hmirqy0g7m,g39pvyj267,Home
193,0kacvdlwlb,173,132,18,M,Lose Fat,5wadk8oygg,a3ctsa913s,Home
191,43ilbf0763,155,47,47,M,Grow Back,ayso1dq1e1,e2ext129ry,Home
194,g36w3irx10,168,104,26,F,Lose Fat,gdcdk6km1v,3dmk2cqsja,Commercial
195,81matgcinn,152,104,25,F,Grow Back,0krr9cecb2,pfc38mvwv3,Home
196,etqmvhr27v,172,190,32,F,Grow Legs,m1pmc9543k,xz15iqngpw,Commercial
197,x0dmdmzhnf,198,113,78,M,Grow Chest,3p2bvk6xb3,n6n4frzz6u,Commercial
198,4t0q6amwma,182,178,53,F,Grow Chest,usxrxmt5zr,ipqum3zewe,Commercial
199,qu6lwmrmdh,170,152,73,F,Grow Legs,yocvye5ltn,o1pkl4z1no,Commercial
200,r4syfjo7zb,189,179,29,F,Grow Legs,kzu9oq0ta3,1bpbpvlwut,Home
201,a4t0gsqxva,177,141,36,F,Grow Legs,qbwqgkht5d,qtmy6pizxq,Home
202,9b5t480pj6,189,103,27,M,Grow Legs,949cnkap4r,82pgjb9e76,Commercial
203,nq6tg3mi5v,170,94,46,M,Grow Chest,idff2chx8n,b6cpfdlzp0,Commercial
204,s0ugkfrnfo,165,122,16,F,Grow Arms,8y5gn44due,c3sqmksfdi,Home
205,qb29izjjwj,189,178,79,M,Lose Fat,gpctn61zt2,nw3adgplxi,Commercial
206,gccegsmdjr,179,77,45,F,Grow Back,4a9fi4rnd3,0zgz11wim9,Commercial
207,rhitb78amx,185,41,64,M,Lose Fat,ikp5n01zcu,lfgbw84piw,Commercial
208,w3kwqo25e1,172,151,30,M,Grow Legs,iyqnuwvg0y,9esn3l9kg1,Home
209,7gq11mb5pa,194,190,51,F,Grow Arms,eawzdd3h9z,w2rgp29s8j,Home
210,i1yhqhj80h,151,47,24,F,Lose Fat,md7snucdns,bccn91wnyc,Home
211,jw3m61efb6,195,163,75,F,Lose Fat,v08x2mow7k,lxzo1efsrg,Home
212,9yhgiunado,161,147,44,M,Grow Chest,9jd8nltx6i,7uu2d8eade,Commercial
213,nftf0d2mli,186,114,56,M,Grow Legs,auau2jk95z,ovwno0g3w5,Commercial
214,l1w1006xm0,177,132,45,M,Grow Chest,3wy6rr7xte,39jokryy4l,Commercial
215,ermbuy327b,160,184,72,F,Lose Fat,e9dezq208g,yk2z0tsbwq,Commercial
216,557vh3vvsw,169,101,65,M,Grow Legs,2m0plqiyxa,peu22d4nh7,Home
217,h1f3ie3qm1,164,97,79,M,Grow Arms,18f6ydp6sq,7km9wiurvl,Home
218,51otjru24o,162,197,28,M,Grow Back,42l0e4tzay,f0x16mt5ut,Home
220,h1tvmzs5wz,176,91,43,M,Lose Fat,4h16h1xitq,l70wgtgf32,Commercial
221,dka31vnqe7,186,144,66,M,Grow Arms,m6yimuzcw8,5kobj4ri0x,Home
219,7dnl4masab,173,173,79,M,Grow Back,wilkpwrayw,h4vkedn06n,Home
222,6044jqh36l,184,180,30,F,Lose Fat,gjg3q3s8zb,nrams264et,Commercial
223,bg4tosw9t7,159,158,45,F,Grow Legs,p0ecyee1bz,js1uof5t90,Home
224,lxkrp6gf8r,158,188,45,F,Lose Fat,u11lslqj2h,jimjy3tpjl,Home
225,3s31zqizhb,192,111,17,M,Grow Arms,c7hw24buq6,g7x5l78omf,Commercial
226,05n348h8mx,159,106,68,F,Grow Back,mgwkde4lio,q2a6hitxrp,Commercial
227,dv3b18a1kz,152,180,15,M,Grow Back,e11gsx97t1,ybm1dqz80o,Commercial
228,lko9ccicx,198,40,64,M,Grow Arms,995f137cxh,sghkayg87t,Commercial
229,f108enwsc7,151,92,69,F,Grow Legs,k50rdstnp,a6h35eh3pc,Home
230,s2lmm03rzn,157,71,15,M,Grow Chest,d8s48dpsf1,rmgcvccbg6,Home
231,09a8rk7b2z,158,127,77,F,Grow Chest,0rse1ql5hs,dsy96dk3vn,Commercial
232,qpqn8vry8n,184,146,63,F,Grow Arms,sxeowd16ya,x5cxs83ljf,Home
233,iomh99iok6,154,169,48,F,Grow Legs,yjbtvqehlq,sdtma61eow,Commercial
234,bw3769fo52,190,107,31,F,Lose Fat,my8q6vi45w,01e4dpigme,Commercial
235,av4pt35tpo,180,80,22,M,Grow Arms,m3gfa48kpu,s2n6agtkqx,Home
236,pbc7mditlj,156,125,55,M,Grow Arms,bkriaj9rgp,ypytwsdvbr,Commercial
237,7zs3tqi6dn,186,190,57,M,Grow Legs,egojwscmzs,ktesjkmpls,Commercial
239,c34m09zlaw,172,81,74,F,Grow Arms,9tt4hnwvhf,svu5etd6cu,Commercial
238,lehq6vbof6,150,113,75,M,Grow Back,1elojfxclm,yccb025py6,Home
241,2k2ydmx31h,167,89,36,M,Grow Chest,60qxl3v5ek,bzwcgvsjib,Commercial
240,sk2t6b2odl,198,74,68,M,Grow Arms,njdt69uxqp,e5z1ylez3w,Home
242,2tgzb507ju,177,196,48,F,Lose Fat,0kvu2bdzwj,mzlatcywad,Home
243,3m53oq51wa,182,185,17,M,Grow Legs,vg9xcuvinj,t0yuczt4tt,Home
244,sm82i1573w,189,95,63,F,Lose Fat,nia04e7awb,4yqpyr0enx,Commercial
246,fxciicb1zj,152,131,34,F,Grow Chest,h0l59w8av9,4mcnyh2g1g,Commercial
245,bztepd099o,188,97,43,F,Lose Fat,44d3rq34u8,kygqixnwha,Home
247,t7zuiuxa99,152,97,18,M,Grow Legs,ecbsmxnbkz,ms5ubjzkk,Home
248,3r135fflz9,187,158,73,F,Grow Back,vli8vhs1ol,swp1e274ka,Home
249,hyajxmtwaw,182,88,18,F,Grow Arms,lqaj8qh4hc,8aravpdtxg,Commercial
250,31y9myinsy,166,108,84,M,Grow Legs,zncnzjgpd0,1jdfm8zjem,Home
251,5zefmglc8f,159,132,39,M,Grow Arms,ttd5ot90am,gkjhcx6aay,Commercial
252,qgqy74p6sj,169,91,38,F,Grow Legs,kxwn55oioh,ytr1thhujo,Commercial
253,uj290bvhvl,184,73,23,F,Grow Back,1y2d35rn0g,muluitic5h,Home
254,dtxt380ots,156,61,81,M,Grow Legs,w0lfm374qh,g62hg18u9n,Commercial
255,d7nlg500iv,159,186,53,F,Grow Chest,gs095jxmuj,363wiqrr0l,Home
256,56cbblb4py,199,186,59,M,Grow Chest,dfpi745y1x,n70ies4wt3,Commercial
257,nvzc3a3191,166,173,34,F,Lose Fat,cn3mm3u9yz,oooie45q7h,Commercial
258,4dg2lhxh3a,173,134,52,F,Grow Arms,6x3bo7sbry,udc53nard1,Commercial
259,kzf3pbcwbb,173,109,74,F,Grow Back,donikfdudb,ruomi92e8j,Home
260,5m6r7mfwfj,173,113,50,F,Grow Arms,rkjomzeykc,eb4khpza5f,Commercial
262,ym53feam85,154,136,20,F,Lose Fat,2c2hzvjhwf,efzrruuxf4,Home
261,kdo3qr4eob,155,121,15,M,Lose Fat,cdmmzpdeod,9gg0or18op,Commercial
263,1ygopi786l,191,190,36,M,Grow Legs,azu0ou9kcw,cbzb2hgomg,Home
264,8nz3atckw2,160,100,22,F,Grow Legs,023jjdi2xu,11cmaoxqnl,Home
265,q6qiqry5o2,172,119,76,F,Lose Fat,k75wsa3f2,gotqmgulay,Home
266,f4gt6tuxs5,175,68,40,F,Grow Back,yisd4x7txn,u2yf5m61g5,Home
267,s6ea8oxs14,156,183,31,F,Lose Fat,fnzj5y8iey,m7svgmo6sb,Home
268,4f7xqgtij8,197,97,68,F,Grow Chest,gjpylza1mw,whdlym1zlp,Commercial
269,sj7kn3yboo,165,62,29,M,Grow Legs,9mwj7c9qrk,sb645z4b5l,Home
270,1fkr50d5j3,176,172,81,M,Grow Arms,yuakzkzpd7,xu3msvjki,Commercial
271,aq4lpo0shq,184,189,67,M,Lose Fat,9rzztseh9k,2r9frcmmzv,Home
272,fhj5o7inzn,176,173,59,M,Grow Chest,85dk0wy812,11002xjphw,Commercial
273,lk2gjdvozz,169,73,79,F,Grow Arms,pciib61zvw,supus7khc8,Home
274,cuzifcgzuw,164,48,49,M,Grow Back,ooghhwdibr,bpgih51ebd,Commercial
275,lof7rq5vtp,151,74,62,F,Grow Back,8o7on3wzxr,xkhmvvd8m3,Home
276,5uh8h4d6hy,154,168,77,M,Grow Chest,objpp9ay70,spnvxnlzc1,Home
277,0mdmgrx9b8,191,66,65,M,Grow Back,5o6yth6r2w,7oxdconuo3,Commercial
278,kv0kzq4cg4,180,99,35,F,Grow Chest,srsyzekinw,1owgmfynrs,Home
279,owjvhzfm65,158,42,65,M,Grow Back,ozqts9afst,m10bk85s4z,Commercial
280,i3lr9pnhhs,172,68,79,F,Grow Back,jgsgoz0cgj,h4s7su4qjj,Commercial
281,5kbl2xk1ae,177,130,27,M,Lose Fat,5wzilvqj5i,8poyc47xtx,Home
282,ddncpmu9i5,163,128,27,M,Grow Back,e9f1222yhi,tt1ekpxhgv,Home
283,ejbsq0m186,170,196,64,M,Grow Chest,8byzv3eewt,spgc2dui2l,Commercial
284,obmvcrtm95,178,40,37,M,Lose Fat,b1e0agvktf,ahppc7qv4n,Commercial
285,n4kbnae6y4,164,151,61,M,Grow Legs,xcogr4u9mk,7yfzz3k9r5,Home
286,kbkdfd4blp,166,139,44,M,Grow Chest,n1nvdaesqz,igthp2yn93,Home
287,11oig72f20,178,47,65,F,Grow Arms,tokw2me1xl,962mn0yzf2,Commercial
288,2rcjqlkwyt,176,52,68,M,Grow Chest,93aycghx0u,p72fbz7vze,Commercial
289,6tc5z93jqc,184,92,58,F,Grow Chest,7x0k0m3i4a,pm9yy1dyyt,Home
290,cnss5z82ka,186,161,43,M,Lose Fat,ubbwd02tj7,89yx3rnw6g,Home
291,gxc0dnlr26,179,154,28,F,Grow Chest,rgltsx8azx,z556m9dwh9,Home
292,nqq4pvsf9s,161,183,75,M,Grow Back,lqqzggcqs7,mngudvm5nj,Commercial
293,xe8iq7rc3p,179,124,80,M,Grow Chest,k1kft20h95,zlvnbcg861,Home
295,2i9zwx4tme,186,80,26,M,Grow Chest,ghf9qmwfl4,r363ufkc15,Commercial
296,mdobcvh15b,168,89,29,M,Grow Arms,5rmwciz8cs,l3e2ljw2op,Home
294,z26v1ekz9b,180,181,23,M,Grow Legs,1th15pzrqh,ga47cxksy1,Home
297,1y1yktdpkm,184,75,53,F,Grow Chest,v0yif9duh1,mp6jn4vnco,Home
298,5ebbj7iccw,170,84,36,M,Grow Legs,eax5ajgxzr,f1m2kfz3g9,Commercial
299,k1rjibah24,162,178,62,F,Lose Fat,nqsnkoez9m,4xbhizmoz4,Home
300,nrwlwrdmsk,193,148,38,F,Lose Fat,rl91cmivor,tbgvfgfxhb,Commercial
301,10dn7478vd,169,161,17,F,Lose Fat,ddlvi62d0z,2nzqkrq9dl,Commercial
303,onhjcsfgcw,196,88,26,M,Lose Fat,f53cgk6bc1,p2emsbzkkg,Commercial
302,2h07sxntf2,167,137,21,F,Lose Fat,ouffgozixb,sgepwifwn1,Commercial
305,ri7ghpds0s,189,94,83,F,Grow Chest,d7wivvemeo,i3g8cdd59e,Commercial
306,1s5malgw4n,168,105,16,F,Grow Chest,bdpl549yyo,77ex5nveuk,Home
304,li80hv6w8r,170,126,78,F,Grow Back,lkx1zwgncf,0jptpw05zn,Home
307,c0t8ltffkj,160,54,58,F,Lose Fat,o68nxruezl,jctn73dzl4,Commercial
308,h7w22l405p,157,122,61,F,Grow Arms,bkok1p0as3,5jow8l9cwu,Commercial
310,z5534hrn62,155,91,71,M,Grow Back,cus36amh41,e2fa1lhg6z,Commercial
311,t0i84saxbt,176,168,16,F,Grow Back,2j8x0r7c3w,qfo159sfs8,Home
312,f2fs5x9q19,157,152,40,F,Grow Chest,myyz6ne9py,28b3zo9pf3,Home
313,e7on7efts,162,166,56,F,Grow Chest,7jjyr6fy7p,3xygek0uwl,Commercial
314,4i7lvirm6r,151,52,24,F,Grow Arms,eb1o7v30nm,xi4p7biv5f,Commercial
315,tw8zcgrlrl,176,140,15,M,Grow Chest,tt5yw7hmes,7c1sf4y4wj,Home
316,9a174laith,181,193,71,F,Grow Chest,v7wtk5nffq,zveb97dsgo,Home
317,q0kmtx0xca,175,167,19,M,Grow Legs,lla7uyltsw,dql28t8imi,Home
309,e9sn622xtf,178,131,74,M,Grow Chest,8jveszlnj3,fzioyf2hl6,Commercial
319,10am005634,150,129,22,M,Grow Arms,qs9cvpalf1,yhd759ohii,Home
318,1toqsez8bu,177,83,71,F,Grow Arms,0tq7l1pr85,mr0g5zqslj,Home
321,dwmsijiwk5,196,72,50,M,Grow Back,lq45x5u7e9,7lioh6q330,Commercial
320,15svn6cfkg,150,90,66,F,Grow Arms,eyzr62xfak,hc9cj154j8,Home
322,869efqs6we,171,81,57,F,Grow Legs,sxsb0nbnw9,u9h0ekript,Commercial
323,nkwgcxucog,197,126,29,M,Grow Legs,42rlqrxfs5,kugwz185rc,Home
324,c85cz69ykn,156,126,61,M,Grow Chest,j8hg10dbbx,xpsu78hab7,Commercial
325,kp6u3314sa,198,52,28,F,Grow Chest,vwbdv3ysw7,cfl8y1bd9m,Home
326,l10jmqwwr0,191,121,61,F,Grow Chest,zvyu2vq0o2,fd2j9plwv1,Home
327,mdd806hrl,153,188,42,M,Grow Chest,2lcrg2kq1z,glc6idi7p4,Commercial
328,stjoeinb87,177,71,57,M,Grow Legs,uwch22j865,s10x00iz3o,Commercial
329,dxcr5opfax,165,185,17,M,Grow Legs,ilg2pm68dm,x9ewhvv5e0,Home
330,tdwp46xccw,161,132,41,F,Lose Fat,njz2yzn7vx,iu6oj9xa54,Home
331,vpur10g6se,181,162,38,F,Lose Fat,1eciwgosiq,9co6djepo8,Home
332,5vdxs1d84b,170,65,58,F,Grow Back,samhwi14xe,5ion8ps54s,Home
333,3ann415aqt,188,83,51,F,Lose Fat,tgd50ukje1,1uorfwt91z,Commercial
334,m9h2kok83v,166,116,53,M,Grow Back,3y687ahuds,1lstg49lz6,Commercial
335,1jv0ek3qpo,173,132,57,M,Grow Arms,sz6g6gexm4,tlipj7mvxq,Home
336,n78jvvlf7x,189,140,56,F,Grow Back,nl9byt87s9,ovt2elkoxo,Commercial
337,m4lhqk8ein,163,160,42,F,Grow Legs,0aaysiyi5n,z45ryl902x,Commercial
338,17ddynfymh,170,72,64,F,Grow Arms,hxuazrplfw,lsj6iswkoj,Home
339,kx3uwr0ux4,168,128,67,F,Grow Chest,qpmcezsoy1,xxm8frvjvr,Commercial
340,zu9aq64iiq,190,123,46,M,Grow Chest,iidxoxcmnt,yiwvk9ngy6,Commercial
341,awtneuelss,157,98,35,F,Lose Fat,edt0tj60jz,lsijbg7lsw,Home
342,gxarp168nf,154,187,84,F,Grow Back,tqva8edn1b,uwieyqxfvj,Commercial
343,uabvu9mct,185,112,71,M,Lose Fat,q7xuhk85fh,0s9vnhsbd1,Home
344,td2sokebwq,198,113,21,M,Lose Fat,zvxo6akcwa,rnwrebp49o,Commercial
345,gzik3e1ktg,183,137,66,M,Lose Fat,0nzxd385vq,g0muzbk9sm,Home
346,hbddxmu3kx,172,47,80,M,Grow Legs,0b1yjzbv28,3ikpbtrh0k,Commercial
347,6jkb8ptsx4,180,185,81,F,Grow Chest,1ktxr6hor3,qjxeifn7be,Commercial
348,55zuw4hrw3,160,121,64,M,Grow Arms,agcz86g7pm,yb6om8v919,Commercial
349,4wersb22qu,177,67,52,M,Grow Arms,2uf0pzn4ov,d7embmfimo,Home
350,o55go4nw3c,154,167,53,M,Grow Chest,3txzxte5jk,0kg8807d5g,Home
351,me23j6cs98,160,159,33,F,Lose Fat,8oihj8f2x9,m608ejrr2w,Commercial
352,bf81awc8ym,152,57,41,F,Lose Fat,4pyo6ldbd3,lgtk6t9egl,Commercial
353,mtkhh6zd7d,186,119,66,M,Grow Back,thjjqmy4y2,upamexp0h7,Commercial
354,allhstlko3,195,178,36,F,Lose Fat,9gaqxem9vy,5kdy71hwfb,Home
355,ljh4z4krey,172,186,74,F,Grow Legs,w19co18c3d,n2j063hsfp,Home
356,q8rfnufbgg,156,55,32,M,Grow Chest,llkj7ow8a4,munt0yohpm,Home
357,q3ijcg223m,195,182,39,F,Grow Chest,g8cwnzb7kf,nq5yg4v9iu,Commercial
358,jrq6l9e93o,156,54,21,M,Grow Legs,v09429smeq,fb80dt1kgh,Home
359,wgr3kkiczs,170,79,49,M,Grow Back,myhpemnkcr,e108luqj7m,Home
360,yqdrtyvgc1,159,89,41,F,Grow Legs,1xqeiq1pl9,83rhcirotb,Commercial
362,cvib4bs3k6,172,106,32,M,Grow Legs,lmrgwlqor2,6pxr0559jz,Commercial
361,afgk4g6avg,194,61,38,M,Grow Legs,8tbgzo0h65,99lp8gm9ag,Commercial
364,6tcj1t9mkw,164,174,45,F,Grow Arms,ifpktacuy4,882qke5s07,Commercial
365,1ogelvw48h,150,145,44,F,Lose Fat,bbkb4aeltb,f7wt4m0ong,Home
366,smftokaxrm,159,189,18,F,Grow Back,euorupy2ta,iymqu5ug2w,Commercial
363,elqjuo6y65,194,132,29,F,Lose Fat,74kd0ytdx6,m0w5jikdkm,Home
367,h4bhhpbphl,197,141,65,M,Grow Legs,wdbkycga7z,bxlb28xxjb,Commercial
368,zzfgeuegjb,165,134,81,F,Grow Legs,se13kxzv6o,hog22dfmrx,Commercial
369,49k89q3w3s,167,138,82,M,Lose Fat,394vbctgs0,2tl4pv0lhr,Commercial
370,xunllwy7au,188,168,54,F,Grow Back,0gjz1900u0,ql6ge2klua,Commercial
371,mn310fjszh,161,116,20,M,Grow Chest,o83lntrgm5,f2jjcbur6t,Home
372,6xuzh398ik,187,179,19,M,Lose Fat,9txr8uizvc,jgmx0g1mhz,Commercial
373,ialdptcof7,181,126,66,F,Grow Arms,yy1z80co51,wnuj7b5zii,Commercial
374,z053y9f6wu,167,61,39,M,Grow Chest,v1vdus6szx,w3ukucu2l2,Commercial
375,jnjxkhmm4o,165,95,63,M,Grow Chest,hastawtbh9,sb5mri1yc5,Commercial
376,e70t0xj1p5,196,169,72,M,Lose Fat,50j0c1rs8m,w6xdlmcs6q,Home
377,cspec3kbn3,151,109,34,F,Grow Back,uga9lhshgg,djdvwqgnnt,Commercial
378,2thl2g95rg,175,151,52,F,Grow Legs,b2r7wtesn4,8lk6o8nev8,Commercial
379,nor5r409yg,183,190,59,M,Grow Arms,yvnx6jaxxv,vcx36p8gyb,Commercial
380,8n7ym1pq4h,152,41,67,M,Grow Arms,ejcg8qlyrm,cmh9ero42p,Commercial
381,kw6lyruknq,171,161,17,M,Grow Chest,582kht13od,1la5ifgvxb,Commercial
382,hqsgyx0usw,156,156,55,M,Grow Arms,a9897mgdvx,lvwezxl126,Home
383,vu3bny9zkg,172,56,16,F,Grow Legs,awel07535r,wskhpwxd7m,Home
384,0tbtkd2mj8,150,131,58,F,Lose Fat,d4eefkpuum,dbujmoq0co,Home
385,aahl9wntuh,194,120,34,M,Grow Chest,o3gufglu6j,tgqihal7v3,Home
386,yqgwmcdris,164,178,30,F,Grow Arms,o58fv9m1os,64d320jkai,Home
387,xq9dell7mm,193,146,24,M,Grow Arms,bol5vndw2p,04w5u1yokh,Commercial
388,blym497195,190,120,32,M,Grow Chest,kdekvk0e8z,h4qmzstpdd,Home
389,6x9ts86022,184,139,77,F,Lose Fat,xnbo95i3jk,jqn30mwoht,Commercial
390,1d1oq7efmm,174,119,70,M,Grow Back,hiy8lenobm,70a94dw9nl,Home
391,76w02fhtdv,178,167,34,F,Grow Chest,cz2nltxjgs,pxeunuhruv,Commercial
392,8i1h5di89p,179,128,20,M,Grow Legs,4izwhoxy5j,4mt8ikgbmv,Home
393,eutd5vgkhr,193,180,74,F,Grow Arms,m4vef1b3zw,2d4xmr4coi,Commercial
394,00ex2m5fvd,173,89,23,F,Lose Fat,8g8twek6ms,ej9m4xr4fl,Commercial
395,vfmi3w4elw,170,63,64,F,Grow Arms,aqh4opnxve,ptfk47cu0x,Commercial
396,ej9nastsjw,183,175,20,M,Grow Legs,jiuwpusrq0,8c2dz0xxm3,Home
397,co6tw24f7u,183,116,25,F,Grow Legs,j1s28bp3p5,mky7kwqii4,Home
398,yx4k952yq8,199,195,57,F,Grow Arms,xwl6ttflfo,k7a3558arc,Commercial
399,68svvgbag4,169,89,65,F,Grow Back,j3l5t5jyj9,v7h14o1avf,Commercial
400,0y8irazhuo,158,156,41,F,Lose Fat,ebz0bqcf4y,o92jdh5w17,Home
401,0jox7oasia,197,53,28,M,Grow Back,7s3j4z0dij,0x7opx2afd,Home
402,7d1itmx6cq,198,123,55,M,Grow Back,5gw5biiddd,66imfis1yp,Commercial
403,90pd6nau04,173,62,73,F,Grow Chest,5a221m27ty,5i8kphrbyd,Home
405,oqjmr2w5rs,156,144,62,M,Grow Back,ju65dhpu39,to0y3ak6wu,Commercial
404,seicejgbi2,177,138,34,M,Grow Back,ivv61e86w6,b5gqgpsa2n,Home
406,6id8xrnqrk,179,137,37,M,Grow Back,ulqfozk3cr,oz8ejlb3i7,Home
407,4ygio90zo6,193,75,41,M,Lose Fat,j4cs373378,l7rx9ao5tr,Home
408,7eqdr4nlrd,168,89,83,M,Grow Legs,ft94n075y4,38jsjsgj4j,Commercial
409,8d47tm1n2c,185,151,18,F,Grow Arms,sctplct71t,rlixxi34sw,Home
410,4l9m44m3ra,153,142,61,M,Grow Chest,q9w0g1s7gr,y0zx6dqkdr,Commercial
411,gikkb7n9jy,162,67,28,F,Grow Back,7850nl16sf,07wr4tr5dw,Home
412,rorjglgmca,178,191,59,M,Grow Arms,w49xb89ai9,uoqops7l8u,Home
413,idihn56sru,190,188,62,F,Lose Fat,9yjknkw8t5,98b2z4yy6q,Home
414,u8o0cjo3qj,184,156,30,M,Grow Back,rjidzh5oja,886eqy3gpt,Home
416,tpvme28r9r,160,162,33,F,Grow Chest,spv4zujr1h,sgtjj53uc3,Home
415,gpqd0gh5gf,177,195,70,M,Grow Arms,f0tm7gr987,hqu7nxkp5j,Home
418,2ljqcwg3ib,171,172,67,F,Grow Legs,rwnzpbarru,wnqbqscmsj,Home
419,gojetxizcl,188,148,37,F,Grow Back,wf76287wim,sgpw255yxy,Home
420,trjx00se8d,196,90,49,F,Grow Back,6qwhhj0wj2,16aq6u74fu,Commercial
417,ldxbjusml6,171,58,61,F,Lose Fat,w7vi3gt4yl,x68g2iqxqq,Home
421,un6ydxbwug,160,169,17,M,Grow Back,skapsc53f7,wiy3kf16ir,Home
423,ga7emkc7y4,189,94,53,M,Lose Fat,wt2zz01ixw,mokxoh1ri6,Commercial
422,78ofr9lxd7,168,69,27,M,Grow Back,ueu2tli4r0,xta9w7divd,Home
424,f7dbx17pwk,159,171,57,M,Grow Chest,i9i1wtgo1s,rewwzmw68b,Home
425,hwrvndxktk,166,185,55,F,Grow Chest,1plza22xbe,yzbkfw8v8c,Home
426,fxzrxy1zbh,161,198,54,F,Lose Fat,93conlohxp,wgt0s8ue79,Home
427,y3kllj2w9x,156,41,28,F,Grow Legs,kt7ob6igo5,83y26av9fy,Home
428,wkg2dxk0z,166,131,33,M,Grow Chest,w049ckf2kt,cd6mcmj9i1,Home
429,ztvompao41,195,165,56,M,Grow Arms,2vsors9pks,853wc20uca,Commercial
431,8mwi0a62wp,172,107,52,M,Grow Chest,ohy3lftxfk,yumh0wbnsi,Commercial
432,arlxx48m1n,199,83,28,M,Grow Legs,f5et97fcan,5n3c42fi9x,Home
433,b61078s3mf,170,109,39,M,Grow Chest,xk2cgu0mfr,6qzjv93x24,Home
430,sxz6yelya4,175,129,22,M,Grow Legs,yyctrchhsb,cfjnk8afdo,Commercial
434,l5iwf659p9,173,150,57,M,Grow Legs,1xwssyp0uh,ydi5swygi2,Home
436,t6wz72loy8,182,143,60,F,Grow Back,is5rnsh56v,8czdz4ab00,Commercial
435,yez0opu4ct,160,193,59,M,Grow Back,sjwc78g3bi,fau1gid2q9,Commercial
437,7kza6wmfp5,173,73,61,M,Grow Legs,si0axcqo96,50x6krex2e,Home
438,wlur0k7xn7,187,138,40,M,Grow Back,bo4xx85rbm,xcb70mj4ne,Home
439,micdzonmzf,192,167,18,F,Grow Back,rj4dxzqs6c,faow1s0ak1,Home
440,po6i8pctqx,163,100,36,F,Grow Arms,fr9bp5x2ia,272blwabyn,Commercial
441,dmu438pcux,177,72,38,M,Grow Arms,c7fdl6o621,pjjg90z5ds,Home
443,t4ea29bovq,161,71,63,M,Lose Fat,yf7kzcc3ou,3vmw3ohsc2,Home
442,e9nraz3ph6,188,141,81,F,Grow Legs,gnt5biahtt,ohirog342w,Home
444,jgvzyh8dn6,175,135,70,F,Grow Chest,1m3tdvidbo,w5s7stbkag,Home
445,aq3shqp81k,162,174,59,F,Grow Legs,vlxd6j57vf,2g4pivlfhy,Commercial
447,sgp2c89kl8,174,56,80,M,Grow Chest,8sk2mdgh3l,othhob3txi,Home
446,w2mjm3r7wu,188,99,60,M,Grow Legs,4i7kza1lci,fel4haoue5,Commercial
449,ylu1aq0l07,156,170,43,F,Grow Legs,hjv8w9zk64,x4legmej9g,Home
448,4j18xtij1l,175,170,48,M,Grow Back,smpjp2pjc8,q5rfwqo4pv,Home
450,gki2e1xeov,167,51,38,M,Lose Fat,gcotzv6m2b,vgtmtdo7n2,Commercial
452,fqazmbawdg,160,119,56,F,Grow Chest,zdf3pezjb5,go6cyf25xl,Commercial
453,lap1l52utf,193,98,33,M,Grow Arms,6mkgrhmvjw,anohh4e9oy,Commercial
451,xodxx0j4nf,159,89,50,F,Grow Chest,ei4g9kyjke,w8m4r40hg7,Home
455,mwcirkgu8g,187,95,67,M,Lose Fat,8pl4kwof9z,ibhoj9hcnj,Commercial
454,lhgbsbfp4o,158,149,18,F,Grow Back,oe2oevl1ti,udpo813b7v,Home
456,emssxxyxo5,190,103,49,F,Grow Legs,idlqbamzj9,ydv7ff2mqy,Home
457,8gd6eo9ug4,194,162,33,M,Grow Arms,84i3ufj0mc,7q46zdw0bv,Home
458,wv2ywsk9w5,171,120,71,F,Grow Chest,dl04ljz97h,t650mt2ybx,Commercial
459,2ylw27j1af,170,106,70,M,Grow Back,dp3vaey2hx,jy7lo72k2,Home
460,4drqqgt17d,187,147,70,F,Grow Chest,jc9xyr38i6,gz1og1szga,Commercial
461,ljd21nlas8,167,54,77,F,Grow Chest,z2t08oy2io,ox5oz8l0am,Commercial
462,nyqqw6v308,194,166,73,F,Grow Back,yfqqyez10f,3lre37nro9,Home
463,8bnncybjw5,152,181,46,M,Grow Back,tv1xc0un1c,uwie5jy7ev,Home
464,uldv99toa9,155,94,32,M,Lose Fat,a2nmwn0jr8,4uded2w1sj,Commercial
465,if2m3nejxc,199,130,33,M,Grow Back,79kvo3gnnq,kak0xq01pi,Commercial
466,1qu34jkl8r,196,192,35,M,Grow Back,7q01y5jne4,244q1hwjcj,Home
467,5gu673uc6f,191,189,35,M,Grow Legs,qerlcy76bh,lq6plr6bfs,Commercial
468,wrumsm4ma1,172,66,66,M,Grow Back,g8kpo2j0o6,o5xjupxz1s,Commercial
469,ite60hvkog,184,92,27,M,Grow Chest,17sy4zsj0c,p8ta221olq,Commercial
470,3co78a3467,170,123,39,F,Grow Legs,bcts1b1smf,pkximjwabq,Commercial
471,9nqjtsl64k,169,59,84,M,Grow Legs,9vipsj5uf4,gmahhhnr8j,Home
472,nnltwfrw9w,199,121,76,F,Grow Legs,6n31h6mvb4,pmyibyk4x6,Commercial
474,vnbx25vdw7,162,73,64,M,Lose Fat,i52e6panxz,y59wkc8ls0,Commercial
473,nq9euke7j1,187,136,26,M,Grow Back,24fx3iht9w,2zewswgn8e,Commercial
475,rl0ug3cbbk,159,98,71,F,Grow Chest,5wfarupx5t,gasyc3xb3u,Commercial
476,uuel603bkk,156,127,45,M,Grow Chest,7z0ybcx6bs,jdo60ntlez,Commercial
477,jgq8o1bbbt,155,66,73,M,Grow Arms,2ue2jhqaqj,j8ib102vjy,Commercial
478,e7jwmdbew5,159,55,53,F,Grow Legs,l6fqlw8goc,axj5wgp41l,Home
479,eyk1vvudxv,194,104,52,M,Grow Arms,04ictdfere,rdo13f130y,Commercial
480,w2nns2w9bk,166,62,32,F,Grow Chest,c28fktmp8l,cc98j56y8e,Home
482,eogmw8ampc,189,146,56,M,Grow Legs,di5s25engo,exvpqgrwiy,Commercial
481,ge3ts4om5s,176,198,77,M,Grow Back,75z4mo1go8,ayl4w6m1j2,Home
483,ge6y9f7ksi,174,49,45,M,Grow Chest,6vyl1izqkf,az15lekke3,Commercial
484,vrvdmy2w2k,158,169,83,F,Grow Legs,v38rs67xeg,fizxqt54y2,Home
485,kcf04232yx,167,141,78,M,Grow Legs,cqn68tji9r,4k2ufuowpj,Commercial
486,596yawkhta,183,63,65,M,Grow Back,t9f2i7cti4,9g1twu4v1b,Commercial
487,z3c0tujnu6,183,99,81,F,Lose Fat,x5njeluca2,8k4zz0j48y,Home
488,hmrimegoga,184,51,76,F,Lose Fat,ikmnyrw7rr,ze0946hy1s,Commercial
489,766m6mfwt0,193,87,34,M,Grow Back,kbrhwx8lpb,7wrcc3ah25,Commercial
490,rq6761nhvi,185,80,21,F,Lose Fat,ag05xhl3sd,j2ksz15jgs,Home
492,h6cnkzrmdq,179,113,72,F,Grow Chest,uckwerh2tl,izxh3y6l4g,Commercial
491,1eu7pm9sn1,170,72,28,M,Lose Fat,ci74qer0ea,jw1vnvgunn,Commercial
493,34ed4uaq8s,181,190,57,M,Grow Arms,43ywxyaim1,b9ltkrjne6,Home
494,wivf7wc26f,182,138,44,F,Grow Chest,hcdvi0si23,v6eeujhgna,Home
495,vzug7cky9k,156,70,38,F,Grow Back,1zi7r0t60i,74cqhfujz5,Commercial
497,gg1sqtjkhj,191,72,76,F,Grow Arms,y8z3bkphym,2kvyjjw90s,Commercial
496,s1mu6ethcw,152,172,62,M,Grow Legs,cj6acheezb,q8vuh3k45o,Home
498,nz6frfg15z,159,198,35,F,Lose Fat,s4ddme5jz0,8s5gbim5yv,Commercial
499,dv78q65r9o,192,76,30,F,Lose Fat,dsrh2ar1t1,g1u637weng,Commercial
500,iam5mfm1hw,158,167,29,F,Lose Fat,col71to4ck,nv3pbw847e,Home
501,r5vflojo0a,191,133,84,F,Grow Chest,bj6532b70m,hd2fsqn7iv,Commercial
502,rsiu4tpgs9,197,67,68,F,Grow Chest,ub0zpyrzsx,i4k1zgc2gc,Home
503,cyjmethaqa,165,156,81,M,Lose Fat,m30082w4un,dx817vxq2z,Commercial
505,ci2u3zzucp,160,131,67,M,Lose Fat,9roo96613z,8tqwqvw6ld,Home
504,itec0ceayc,187,172,65,M,Grow Chest,1ucwktx49u,4gluat3n8i,Home
506,g64jzek3q2,195,123,38,M,Grow Legs,e5bjryn5y8,lgk469zgzl,Commercial
508,86jg0mcu41,150,167,17,F,Grow Chest,pl9p8jetjh,xbecch5g84,Commercial
507,ni0a7zbqr0,194,68,37,M,Grow Back,j5okye71ue,udk0f9w4yg,Commercial
509,a27qckprzw,185,177,70,M,Grow Back,35rxi5jch3,gyfkt4dz21,Commercial
510,dbko39pau5,168,96,29,M,Grow Legs,4fjf6ks6lo,fgcifcezqd,Commercial
511,6f5oapu469,195,186,29,M,Grow Back,hsyqa5wleq,dssg4gi7zr,Home
513,3cro9hdwes,187,75,83,F,Grow Back,nh1a06hkk,5l1xco7bqy,Commercial
514,eoh5d4wmhh,191,69,59,M,Grow Arms,f8jgf8uwke,keab24wmga,Home
515,nwrj63gdm0,181,159,15,M,Grow Legs,9cp6x5fwyj,w170ou8u6n,Commercial
516,2bhp0ioiy1,189,73,33,M,Grow Arms,u6k81qfgrb,w0fln6m741,Home
512,je6de733zt,167,50,30,F,Grow Chest,hip654es1j,heli91j4a0,Commercial
517,hdgb0oyctx,172,133,28,F,Grow Back,fatv6n7dl5,r2u1tdx7zm,Commercial
518,19j3m46hhr,165,48,80,F,Lose Fat,ej0an1pbyv,ogz9xq85c9,Commercial
519,d1solgxwhw,164,76,46,M,Grow Legs,tftimve4in,pnirpxvcmc,Commercial
520,26mev89y9y,186,95,72,M,Lose Fat,phosqt647b,tg9p4ck7ve,Home
521,hzgyx5gelu,157,139,60,F,Grow Legs,utm9fyi1vb,kq0ciac1t,Commercial
522,jlppqrcm1f,161,47,70,F,Grow Legs,cmbj6pnqj7,qe9ewfvyns,Commercial
523,gai0bwnbd5,161,92,15,M,Grow Back,2fobgk9wn2,tlj04mxoas,Commercial
524,zl4u0yheb,195,136,49,M,Lose Fat,3pq35h0ov3,zi26jzxmps,Commercial
525,r7ep4iwoed,192,161,15,F,Grow Arms,l3becxpyu3,90buek2xea,Commercial
526,jv9nm0p3jw,150,113,45,F,Grow Back,mjyh6ddi0s,labu5e6o5d,Commercial
527,2uyy3n1iwc,153,181,20,M,Lose Fat,41rci933fa,x6cml4mk6b,Home
528,stxfmc21f4,154,102,55,F,Grow Chest,e68focgzfy,tmf0twpuyk,Commercial
529,kh7ob39vm0,190,178,46,F,Grow Legs,4ftvwllh5o,yogn71xb8e,Commercial
530,jgqeohvdzb,156,105,39,F,Grow Chest,5zqem7lxbp,dale4gj1lc,Commercial
531,grv1qhyvof,169,98,76,M,Lose Fat,bwtoh28kh9,t2lnk163ng,Home
533,m3c5a3htgd,157,97,33,F,Lose Fat,gx83hst30r,hxrwyu52qi,Commercial
532,v5cfqjduoa,181,94,69,F,Grow Arms,7jaw3ow1h5,4ccutzzbbd,Commercial
534,f1o7rwdfly,155,168,84,M,Grow Back,3waektpind,c3imxnsznz,Commercial
536,r0mc8n8hxt,173,52,63,M,Grow Legs,mlwftbqsn8,pswh38afw1,Commercial
535,qcd301q23p,150,189,64,F,Grow Legs,paph4bhrtw,zdnfi6znnc,Commercial
537,seklbuesuu,175,74,30,M,Grow Chest,tjxnohdy0b,nd2dl0sowy,Home
538,rhus3lpro9,181,189,52,M,Grow Chest,52ceiowp8v,b2ncumqqw6,Commercial
540,vgkloas3lm,156,75,51,M,Grow Back,804jqy4evn,de42mnnmxn,Home
541,a26tthea9o,179,182,64,F,Grow Back,7j0tntpsxe,sumalhok1t,Home
539,l9fhgkbjow,195,176,40,F,Grow Arms,fb51lecycy,hzmex7jfqr,Home
542,q9lu56pw3d,180,136,19,F,Grow Back,u414anvxee,fzp3drcz5r,Commercial
543,nlfenvjbv6,189,197,54,F,Grow Legs,f8ktqo7chg,xf0hvykoaw,Home
544,ob21lbw2ji,187,104,32,M,Grow Arms,hmfz6pdt2o,11w9fb055g,Home
545,wzs1morpqd,164,110,35,F,Grow Legs,ru2emu1bp4,y0hy5mz938,Commercial
546,22dcfc6pxk,184,124,83,M,Grow Chest,jlt54b429n,bxaoxlb7dj,Commercial
547,pmcwrrgyr8,169,167,45,M,Grow Legs,newoj8pnyb,62xbf6tjlg,Commercial
548,t5xv0gym8f,168,118,36,F,Lose Fat,w02koanjog,kk4w5y0lhn,Home
550,3duj18dmmg,182,92,56,F,Lose Fat,foi2wf5j9j,bbypr3lauc,Commercial
549,a4sxst74j2,179,140,23,M,Grow Legs,wjvuo0ovzx,62r7mbac5z,Home
551,gu0qy43v4b,169,174,74,F,Grow Back,ja3j6hae68,4tepxgwne6,Home
552,gn79s7kh56,185,151,35,M,Lose Fat,bonwxc5kx2,t1uop7ba96,Commercial
553,bt1iigc69x,180,54,84,M,Grow Chest,eyz9fuqq1v,nf90wh06d,Commercial
554,in0hjc4epc,198,74,42,F,Grow Back,2rb4z7uud2,rejzbl9mr6,Home
555,u9x7mye55q,187,94,52,M,Grow Chest,7fl48q7slo,y7jwos72sm,Commercial
556,p4m6fl5dnu,165,154,64,M,Grow Chest,2lcjt9a7so,whpuulci6y,Home
557,2l0ya2n2q3,192,64,38,F,Lose Fat,ko9kd53ieh,dhwc0box97,Home
558,d3qz1jj8mi,156,188,48,F,Grow Back,nn0ogmz926,04ppcg80wr,Commercial
559,mjidsm0al5,176,118,25,F,Grow Back,b3hkm0flv6,seezepujki,Home
561,xswzel3o5w,196,150,64,M,Grow Arms,p5db5axid2,aosy7n0gp1,Home
560,g8nn1789zu,182,173,51,F,Grow Legs,k1q15nntou,e1oo2nzeud,Home
562,vhogyz5k12,177,131,71,M,Grow Legs,z06w1ogo4w,mu8bwpgukn,Home
563,egvlgxqb9c,183,73,78,M,Grow Arms,qme7b8zl93,w81docn81y,Home
564,2dynab4gar,162,154,29,M,Grow Chest,h5ua6z98a6,b8rzxfjp0x,Home
565,a2zqhsi5lg,188,69,60,F,Grow Arms,lpq3bapfhr,yay5sp9gzk,Commercial
566,f7kel3zrrd,191,190,72,M,Lose Fat,3er13g40yn,fitfwvo34g,Commercial
567,v676y7f0xr,184,177,70,F,Grow Arms,86npw4j153,gf6bjfe4f5,Home
568,6kuf25sc8r,181,183,73,F,Lose Fat,fhhg9mws8t,36lt71nbk8,Commercial
569,tuandj99nv,177,112,75,F,Grow Back,y4924a5d69,g0emf8g958,Home
570,1heu9g0rm8,154,157,79,M,Grow Chest,qo2zzv3e1c,wvi931h9gi,Commercial
571,4qh06xn0po,182,69,26,F,Grow Back,rrm2arzw4r,z5ffw1h3mv,Home
572,ps61pms6py,183,116,50,F,Grow Back,c3b8pua8ij,p68d9trhr6,Home
573,l8gmkquvka,153,173,49,F,Grow Arms,ns866wfv7j,entyqwewkn,Commercial
574,zahuc0iw,196,105,46,M,Grow Legs,hvnwomel3c,vewrn0vzwr,Home
575,f2cq0yrqex,184,192,65,M,Grow Back,yg6su2w57k,f2t2q4fnom,Home
576,7kzw2lmzqb,192,186,23,F,Grow Back,mp1zw5ov0c,2k7zvqqbln,Commercial
578,s1wrag8ave,163,141,55,M,Lose Fat,n9pi0bq2bv,dlwvo8nyvt,Home
577,7kvgjjd6ut,197,167,37,M,Lose Fat,uuebf6k7o8,c5xqg842yv,Home
579,fmrcdkb5cq,178,130,29,F,Grow Legs,9gzqfpnb3a,f209j1nbj5,Commercial
580,o4f3yg8sv2,190,52,62,F,Grow Legs,cnv0unaqln,7s50wpt32v,Home
581,g6ioph85qn,189,80,71,F,Grow Legs,5xe67yf7ne,8x2g15e4ew,Home
582,aav2lfe3u0,187,145,64,F,Lose Fat,9weccq8w6w,fc33ufxtzr,Commercial
584,5jip7poavh,191,122,61,F,Grow Legs,f5rfysai71,mtbeeki5le,Commercial
583,1mnobcg5pf,151,79,66,F,Grow Arms,43djk7n2t4,87vbkf0aed,Home
585,pjcd3vgayz,157,163,57,M,Grow Chest,7pgudkb2k8,zx8jrro74r,Home
587,7rcq5woema,192,158,20,F,Grow Back,zam904rh96,y47fuz5txz,Commercial
586,szltbr6y2b,182,166,59,M,Grow Legs,r3tky243ih,6igl1bc673,Home
588,zzuf0dw0hw,187,193,76,M,Grow Chest,4ys1p3zbd5,43ypsu7o4a,Commercial
590,2zdl5f7md5,158,198,80,F,Grow Back,n54p4z64n1,ei1aiarkdp,Commercial
591,jv2hrkwtb9,172,155,19,F,Grow Arms,fuggt5i214,0ganhbqkyc,Commercial
589,4gx82rrf7y,198,151,49,M,Grow Arms,z6o7bu9fuu,7w511np6es,Home
592,el1gf1fr8n,165,90,35,F,Grow Arms,uvnvkqw8ez,9a68fm886z,Home
593,r61tt1veka,187,134,54,M,Grow Back,acoq3afo79,hnpk09dgue,Home
594,kibmulfz1x,177,121,67,F,Grow Arms,ztghqecf39,vmqtkixuov,Commercial
595,45yz2mn6j8,154,51,34,F,Grow Chest,b2myqo65n3,agpvl3uttn,Home
596,llwz7rtixy,160,188,60,F,Grow Back,fszvjpi5ez,cyxu4n1z4o,Commercial
597,bbu7a7nwzt,188,50,30,F,Grow Legs,jrjt7lrr9o,r1tx1o8khu,Commercial
598,4t0mpbjjnl,157,78,21,F,Grow Back,gklr4mwp2s,pknizc6d9l,Home
599,kppingckpc,153,42,32,F,Grow Chest,dfw1z1elro,vbwjpzbmf3,Home
600,7jzd4m1235,158,91,70,M,Grow Arms,y7os3gqcm7,z11gcdlmar,Commercial
601,e3avn0mjiv,165,108,34,F,Grow Back,s3lu79wj0d,b0let9qkyb,Home
602,syl43bp5i0,152,91,20,F,Grow Chest,emqk5mri2x,cfeo6kirgj,Home
603,0qfdb9piz1,187,139,76,M,Grow Back,oja65fhr5r,fj2wu3anz2,Commercial
605,jk1jdzlbm7,162,194,82,M,Lose Fat,qffyijd4ex,kdvgcnxkum,Commercial
606,srn40k9fsy,182,87,72,F,Grow Arms,vbmz5u1jgp,4le8bhsbgo,Home
604,0m13bq0xa3,150,181,52,F,Grow Chest,ih6ku62rpf,v0jn33meqs,Home
607,145z39gx01,173,41,43,M,Grow Back,o79uegea9f,167s05n3ey,Commercial
609,loly02q7kl,190,90,53,F,Grow Back,j0pqti2yaf,kh7mlhzdux,Home
608,foqtij2k9l,179,60,76,F,Grow Back,ava4u6gw4h,f1vuomtpnk,Home
610,0nt4n2buse,172,128,72,F,Grow Back,jeap2jnx9w,0h25mkhan7,Commercial
611,4dp0rfrrac,185,81,21,M,Grow Chest,6owdn4ch5p,6pae12n9s8,Commercial
612,1rl53rm3xw,173,112,46,M,Grow Arms,xr41vq8usu,d356gtogvw,Home
613,wpvc1pcq71,173,66,47,M,Grow Legs,w6uzcrnabs,yji7l5lv7w,Home
614,dyvmn01nep,154,115,41,M,Grow Back,lvy7kuox75,qdnkbo4q3d,Commercial
615,vu1ugn16gg,194,168,53,M,Lose Fat,0pwpvtsb4p,pamq10uzcg,Home
616,tdx31vnvrm,166,149,46,M,Grow Chest,qiqiddx5m3,a6gxxuscwg,Commercial
617,omfak6kyjp,165,156,70,F,Grow Chest,lrh857jtuw,7g0hn5x3oh,Commercial
618,vj5jyih00p,175,141,39,M,Grow Arms,f8g9aeeow8,s8dqurysd5,Commercial
619,j7hfzyuoph,174,175,81,F,Grow Chest,e8twmtr9y3,hee46scaqh,Commercial
620,bqhlzq0rd4,152,110,25,M,Grow Arms,uqfz31hbhr,1dw2twhbej,Commercial
621,5n6i4azhnk,162,57,35,F,Lose Fat,9vtpw8etmu,trok0f4id2,Home
622,b2fmqrqrtc,182,110,73,M,Grow Legs,99ftof9218,c3v10732ho,Home
623,8eqak26tye,165,158,62,M,Grow Arms,5psnu2tsr5,iasxz17lun,Home
624,c9jep3wyg4,171,156,63,M,Grow Legs,48hh5j8jb5,9i06k85101,Home
626,jgjzkl3lp7,158,190,50,M,Grow Arms,uny4o2gjyc,z7zbqbgvqz,Commercial
627,5ys4295g31,175,71,73,M,Grow Chest,7mrn6k6070,qcu85x7w0r,Home
628,exfv8zpzj0,191,151,19,M,Grow Back,gef1zit7c8,ltf8elgl2u,Home
629,gqsdaiqxrl,172,86,22,F,Grow Chest,48rijlnweb,xw4gk6pidf,Home
630,rq2ggxxhxm,170,90,56,M,Grow Arms,2pzh11gkfv,absza6rzxd,Commercial
631,tmf8gxapi0,191,103,19,F,Grow Arms,7wblpa53cr,v9nbpu7b37,Commercial
625,f2uchje3tx,164,67,69,M,Grow Back,fl1cezpo1b,77eqw6boba,Home
632,9uf9laisry,189,78,63,F,Grow Back,4xtc4w34mw,psjvkompo7,Home
633,dgapmq8naw,174,80,17,M,Grow Back,ffixe0v1k5,5770rnmir9,Commercial
634,5ves0nor8g,195,148,38,M,Lose Fat,jt5dyw62d2,wau78s013g,Home
635,50xdbjl1f5,188,147,60,F,Grow Legs,aiuhunhqa4,j6q2aznwav,Commercial
636,6e2qsyd94z,188,63,20,F,Grow Chest,uv7m06j2lv,r3ii9tpoyz,Home
637,rm0fzhacl1,152,159,50,F,Grow Chest,pvqcgrjai8,cf2dyp6qyw,Commercial
638,baqhv15yqe,199,196,34,M,Grow Chest,zc3rj9a3v8,m98j6pdpz7,Commercial
639,xmubukrxsj,194,45,66,M,Lose Fat,v8he9lil1f,93bjypepbf,Home
640,hwol0llbm7,165,97,81,M,Grow Legs,zxc8ybgox0,dw951sghui,Commercial
641,3loyeg3d95,162,73,31,M,Grow Chest,ymebcnff2e,bcf274u1fy,Commercial
642,l0lif6enq8,183,175,40,F,Grow Legs,6psrqrzokv,cbgg7bfwbs,Home
643,psx1yeyg0p,186,95,83,M,Grow Back,j8izr1u6dx,8jrf4h02jp,Home
644,k5dwttgvzo,155,101,39,F,Grow Arms,ky1k0ylgtw,vmhh6m40ia,Home
645,fwszdb96wv,194,51,47,M,Grow Arms,n5jzkld2d2,09ygr6a48v,Commercial
646,wj0vdnregs,174,97,41,M,Grow Chest,drxb3u2fgi,36f4zrlegb,Home
647,24xjhhccun,171,79,51,M,Grow Chest,ux3d9geu7h,dhxn4nxs1e,Home
648,avte2krvoi,170,99,81,M,Grow Arms,cy5xnd72ve,noapl4x26d,Home
649,xz9kqqxtbw,189,90,30,F,Grow Back,yqhk0adtuk,xurlwfklej,Home
650,2907rc1lkx,192,88,51,F,Grow Legs,tlmq9huiym,91mrde261j,Home
651,x9fwsk7335,171,174,60,F,Grow Chest,b6s01ipb0u,ux2guagsf2,Commercial
652,g12mfw4ocp,153,40,34,F,Lose Fat,lw4a2hg2ek,sml7xv7xlo,Home
653,tjh8t9cv5h,173,83,50,M,Grow Back,yhsjs5ed2y,haxjfies2x,Commercial
654,18jbyapyeu,190,153,79,F,Grow Legs,vxybq6ljvh,t47a9bxtp8,Commercial
655,prs28dhrbb,197,156,37,M,Grow Back,6xywp3vg6x,4tze2m4987,Home
657,wmd2wi62w9,160,117,44,F,Grow Legs,24zqjg3emy,00flwwk5gm,Home
658,k2b96o65ag,175,121,48,F,Grow Arms,cuzpp1vgwr,87btc00pfh,Commercial
656,yavto6g222,191,197,26,M,Grow Arms,5uiu5k42yv,rvm3s69312,Home
659,ffwywpmkyv,189,56,40,F,Grow Arms,ygxn77omme,yj0g0udfqa,Commercial
661,azlbpmsw9w,172,160,64,M,Grow Back,oe9wg9ru3r,medzh5os0k,Commercial
660,6vilwo5d14,153,171,20,F,Grow Arms,nb6sj2g72r,1fhhfynk4k,Commercial
662,e373awijab,184,50,70,M,Grow Chest,csk4dbnh05,d211e8y139,Commercial
663,0rtfs9ule4,198,108,70,F,Grow Back,cb1a33cp7o,leez5p7zlq,Home
664,4p5t90jzcg,163,60,55,M,Grow Arms,6oncrqy9km,logptlv3sw,Home
665,ydffx8c4rg,169,50,84,M,Grow Chest,4mq71801b8,8qbvmsyuhb,Commercial
666,dchrupladn,196,106,84,F,Grow Chest,yz978zbr87,hohrsuobb4,Home
667,lb8rvj3wzm,160,182,33,F,Grow Back,owc4j6a3gz,syrskfcve5,Commercial
668,cdo7pmqllr,193,77,50,M,Grow Arms,6ar8wmidoa,1adeo9pscc,Home
669,dm9psxgvk9,163,143,38,F,Grow Back,434ii2iwqn,mnkp88nn9w,Commercial
670,qjwqj4j2ls,172,104,39,F,Grow Arms,b09976fyy1,qdgj6n0old,Commercial
671,uv1rza76aj,150,134,67,M,Grow Legs,qis98sjjs7,3jvpcowxtp,Commercial
672,j0nbeo2cqy,194,89,82,F,Grow Back,guspo6e0hq,bxlx4ur6fj,Commercial
673,w6ulhllflf,185,124,46,M,Grow Chest,6h2fo4u8vq,boyeavsfop,Commercial
674,2j4quzsf4a,165,110,50,F,Grow Arms,jqtlmz0oh3,dvgp1ow3yh,Home
675,otfra668wt,170,198,66,M,Grow Chest,i8xc9j58zo,xxgssm3i4,Home
676,v4bgag0gml,188,155,20,M,Grow Chest,3r3to95n94,zc83obf34d,Home
677,4tu1r0pswv,190,119,60,M,Grow Arms,jpfss4gtco,0t8z4a5bx8,Home
678,8gk7vyhh3b,186,41,21,F,Grow Chest,qohc5jhu8t,j9cnsx33n4,Home
679,i2k6ck86uy,178,82,63,F,Grow Back,ducych5icz,sftl8rspei,Commercial
680,6dgm9lgo55,182,67,27,M,Grow Chest,fsup18i9pr,dc3yi3b86b,Home
681,9iylt88iip,195,154,29,M,Lose Fat,rhsz7f1o9p,qo3uowp2my,Commercial
682,vs5mlq18r9,166,173,61,M,Lose Fat,1y2t3xrjc3,a7eoiwpcim,Home
683,o28zosw2c8,183,109,25,M,Grow Back,hymapwlsyw,romdni7671,Commercial
684,m2m9ck3yz1,171,75,64,F,Grow Legs,q2idpqouz8,q4kujx6f8v,Home
686,cdompnddh2,181,148,37,F,Grow Arms,ccdm9qxxb2,czbacblnuf,Home
685,dh8t0rzl0s,188,122,54,M,Grow Arms,z1xt4dpy6,g84gsxpw6d,Commercial
687,21pqqcrprw,189,62,64,M,Grow Legs,uo9vr94189,6l9s2mma8e,Home
688,hx98uiuvbq,188,143,60,M,Grow Legs,l2opgzhbjq,20oc954oj2,Home
689,vd1u04egb4,185,145,47,M,Grow Chest,wk4u8136yu,vvw1n0k6p2,Home
690,47h6njjpk1,169,70,61,M,Grow Chest,8jc1jjm8az,fqhffgu1jx,Home
691,bp572lvn4l,196,41,27,F,Grow Back,8d1yjc1snm,3oscnz4d5x,Commercial
692,vnyfn8l7mf,166,52,44,M,Grow Chest,3gr6f3rz4d,egitxu9l7e,Commercial
693,r11vt9ks3o,152,106,46,F,Grow Arms,dsdh9n6cgi,rdee3zpiho,Home
694,w8hisdldjc,170,163,55,F,Grow Arms,ytk4et8mgp,s7jiurg5iy,Commercial
695,u2rhnq5n2b,172,108,17,M,Grow Back,h5up8xyk68,i55abyo1y4,Home
696,0b88ifj1k4,167,183,54,F,Grow Back,blw8os5af4,swtvhr0yog,Commercial
697,2urd2vt4wu,160,62,34,M,Grow Back,2ijfp2ctqz,grhh2hvljk,Commercial
698,uxavzovlls,181,199,49,M,Grow Arms,djz73htwl4,5qp3murst9,Commercial
699,ek7cfwwuta,164,58,65,M,Grow Back,6nheynz0yr,jcil6x1vt0,Home
700,92ipee4q97,170,194,56,M,Grow Back,wgy6xtb57r,1rqvzdegez,Commercial
701,uzmrl09fvh,172,102,57,F,Lose Fat,c557i0v6df,61zlwm5im8,Home
702,rgmmsb1wl2,187,87,22,F,Grow Back,wvee6eo0rj,gpa66rcu40,Home
703,a04x7z6be0,178,60,24,F,Grow Chest,jwhemy01y1,kfyz4dhxnk,Commercial
704,n5gqdeh5eq,185,40,70,M,Grow Legs,rp408p7pbh,cm6uhanfc0,Commercial
705,be9y72w0jx,192,183,58,F,Grow Back,1j6lvvr4tt,g76jdy7az6,Commercial
706,ve2tfmfjfw,162,168,59,M,Lose Fat,2tjm29arby,jw8c1br880,Home
707,16frnfil5b,193,44,20,M,Lose Fat,wa3cg7pxn7,2hcm6doc9o,Home
708,ko9tpc3tx3,172,76,68,F,Grow Legs,3fx5y4uwr8,gpwz17jouu,Home
709,lt8w5ff2qe,150,164,76,M,Grow Chest,147xx8mrid,5ovn255gdu,Home
710,dz8mgaqed0,166,91,35,M,Grow Arms,tnwkwi96uv,4mttliotgr,Home
711,6xqp8iaxfe,154,109,72,M,Grow Arms,cuisimugjx,r84yfj2gxn,Commercial
713,gj1j7fnnt0,163,69,36,F,Grow Arms,tk4nx9r0c2,tmtv9bn7u4,Home
712,qu9skq5dg3,190,148,63,M,Lose Fat,pextyr007d,iblr036uqj,Commercial
714,icsyprnj1y,153,171,23,M,Grow Legs,lj9sojn75n,nf85b4k9r6,Commercial
716,dfj474k2nj,184,167,59,M,Grow Legs,r61tj6diyi,dasi2y9puk,Home
715,gn0zya6rlj,151,89,60,M,Lose Fat,76yukumdkg,zpeybt669p,Commercial
718,jjypc1l7jf,199,137,37,F,Grow Back,b8ofdsy68r,3zifx9cgpy,Commercial
717,u1208wwsbo,199,75,29,F,Lose Fat,5zl3wzaqof,7rnh0oyqnl,Home
720,lyqef5dkti,176,104,70,F,Grow Legs,svsfqtsys6,neh4gy6kno,Commercial
721,0iiq3rpl9u,163,64,79,M,Grow Arms,uqoiuxv30k,eycmwrqqgg,Commercial
722,f121xpkcdg,168,84,28,F,Grow Chest,bjzg46toox,1it4au2zg7,Commercial
723,gx2l4u0e8w,154,69,26,M,Grow Chest,1oz5ptclpf,9rxxf8109q,Home
719,vpdzxngnvh,197,84,48,M,Lose Fat,2675q7bbuz,6k0ie9h1aa,Commercial
725,yisrbfm4va,186,44,61,F,Grow Chest,icz0wp6lyc,h7g4br4hg8,Home
724,zu1w0xk2px,164,70,53,F,Grow Legs,xwomqeksn,jdxwthm67p,Commercial
727,1az5crifbc,161,194,74,M,Grow Back,oin49m8x81,6gwa4k8xu2,Home
726,qmrcf5rizc,179,129,58,F,Grow Back,jmcn9aoaqg,5w13mle230,Home
728,up7ft2qfvl,180,188,82,F,Grow Arms,vg7h8p8ix8,3yog2wybuh,Home
729,cvebyowczu,153,126,40,M,Grow Back,nymexcb7h0,08xvq9opp2,Commercial
730,rwygm4z1bs,188,95,75,F,Grow Chest,4ug8u5cpob,xsfcyy2bd5,Home
731,12q396mikp,162,71,40,M,Grow Legs,xqwzokmt6b,xezp5vn0zl,Home
732,t90wm213f6,174,121,30,M,Grow Arms,mtyk078q25,fcbi9d4b42,Home
733,2yaqe7xq43,178,102,17,M,Grow Arms,8h7grvak2u,lj9o121hi0,Home
734,363cm6u3jc,166,102,73,F,Grow Back,bvbug3r9hq,0k3lif7i24,Home
735,qxorruuhdn,173,164,44,F,Grow Arms,wlh0innn4l,jv4msilcqa,Commercial
736,qct4myepa4,154,92,29,M,Grow Legs,ak8rpo56op,onfogr8lsg,Commercial
737,tlfakpe6d,180,175,71,F,Grow Arms,nzfbkif918,d5o544td70,Commercial
738,grddywd0og,190,74,18,F,Lose Fat,g9kr2a9apf,eih04tik6s,Home
739,puoil8vgux,179,179,62,F,Grow Chest,sm37w1qn5n,u3aomahm3n,Commercial
740,5h5zf0yr9w,192,133,28,F,Grow Arms,2pmm3k244o,j2ru851jec,Home
741,d7ef7kcpip,165,40,30,F,Grow Arms,jrnoy50iz7,4z08z8zlk9,Home
742,g3l8vey712,180,173,42,F,Grow Arms,oiexqd4y6o,4twr5g6xs6,Home
743,dbr8s5an08,162,183,26,M,Lose Fat,bxd8udchla,stdqilfaek,Home
744,v0gu9ont6u,183,195,44,M,Lose Fat,bru6jqs9op,jwqtvl80j3,Commercial
745,7eu3uhnrmd,172,120,57,M,Grow Arms,r1aefza0dl,368areimvy,Home
746,0a2tipkvy8,152,81,64,F,Lose Fat,mnwlvvvf87,eaxhnmikul,Home
747,gcuurm2hq3,176,100,18,M,Lose Fat,a4xmowqv28,t7kmth5ydi,Commercial
748,vyp1ncevmw,196,78,34,M,Grow Legs,cc9dt4j64u,fi9phwm32m,Commercial
749,frrx9y9z5q,172,131,75,F,Grow Back,loup6oi5sc,5ta3e4v9t8,Home
750,uqj8samq4c,152,93,20,M,Grow Legs,uofazr0n1k,egnuicpt0p,Commercial
751,hrs7tbl6q6,151,76,32,F,Grow Back,6xxys9dzob,ev5ema559y,Commercial
752,0rdhfibuat,193,191,46,M,Grow Legs,piv3gqrm68,rhlsxrcyvs,Commercial
753,b8un7chg9h,164,154,46,F,Grow Chest,yos0btfr14,vuix2oot54,Home
754,czj2cm59sr,196,88,30,F,Grow Legs,4iid2p7b78,9pregwel1x,Home
755,9wl92mod5s,170,148,42,M,Grow Arms,lh4p9c16e4,0n4sd8i89b,Commercial
756,weo5ukf7u6,157,83,56,F,Lose Fat,qnx25kj2s4,f0311prubp,Commercial
757,8f7x3tz9t6,180,115,38,F,Lose Fat,2ti8d8d8ey,d762fmoirz,Home
758,llc6rha8l8,163,72,64,M,Grow Back,hjmdt9o4w5,ih509m9qam,Home
759,3s3noy6xky,193,70,27,F,Grow Arms,gf5i29k1vq,u9leo6hn76,Home
760,w31778pa8c,197,103,66,M,Grow Chest,ow338qks37,0jw3owh5h8,Home
761,yq7w5rb27u,177,53,25,F,Grow Legs,v95sbypmli,jwbcwf9e66,Commercial
762,c4jyco73mp,180,63,56,F,Lose Fat,qw5bm09bqq,7etpd0ny1g,Commercial
763,yss0joaskf,187,145,51,M,Grow Back,ol0lxtc48x,el426ubr6y,Home
764,4nzf6ko90m,180,147,68,F,Grow Legs,96jym18hkb,1b68brnblj,Commercial
766,qntytkybt7,156,128,24,F,Grow Chest,1bfukkmv41,0ehfpwni06,Home
765,zdreocgzwn,188,118,22,F,Grow Arms,avgujvl2gz,d4dicvfzci,Commercial
767,chk3v105bw,151,138,50,M,Lose Fat,4xbbm51vo5,j3u8cb20et,Home
768,i2iutxouz8,162,165,34,M,Lose Fat,ym1xb4z8fw,3ek2p5v0ab,Home
769,ddt3ojtkzn,197,56,70,F,Lose Fat,xcdju1z7wo,juu3s0qoyh,Home
770,3k253k24w0,163,160,23,M,Grow Legs,kn2636k6qk,xceia4blcd,Commercial
771,onfj95kuxd,181,197,19,M,Lose Fat,1nu4pzxk98,8igad8kuy9,Commercial
772,sh98af592l,184,47,56,F,Grow Back,8ki3l4pwdo,c49seys0ox,Home
774,x79aau12d1,195,130,76,F,Grow Arms,5koaiikig6,77v6540ul7,Commercial
773,m665ldmcsg,198,131,18,F,Grow Arms,xzdv2byjr4,7svok4ttkx,Commercial
775,sm8aon5wfu,169,48,39,F,Grow Arms,go35xqyr7v,w14zy15n73,Home
776,xq2avvzsjo,180,145,78,F,Grow Back,67pxtu4ttg,msh5kwcpnz,Commercial
777,16xyark50r,159,199,38,F,Grow Back,j5kb4ih39e,t1voq20703,Home
778,978dzolby7,188,44,57,M,Grow Back,p1hgrk6vy9,sx83be5tqq,Home
779,6cd7shhj9l,178,46,44,M,Grow Legs,i2kope1l7u,m7t2dt7rp2,Home
781,jaz4jj5pnx,176,112,77,F,Grow Arms,r72qm55agl,j9xic95tbl,Commercial
782,7ojj2e0p41,153,127,48,F,Grow Arms,nsgwqdt6gr,8b0xnw7gnq,Commercial
780,i2xl6d627h,154,146,15,M,Grow Arms,zor05lbt2q,wcbuk5cro9,Commercial
783,9m3wowawba,152,175,80,M,Lose Fat,r35njrnn18,47zfq5w1u6,Commercial
784,cytwdc003t,198,174,49,F,Grow Legs,1knwseihnm,av7nhrmgxs,Commercial
785,vzhjsypfwm,190,145,22,F,Grow Arms,nwq6f0zbwn,6lcgomdc1n,Commercial
786,l7v0xq8asb,190,149,50,F,Lose Fat,1gqu01saqx,dfehvhsrbd,Commercial
787,crczq8uemm,171,136,67,F,Lose Fat,lxabqbr3l9,kgmo66hrgn,Home
788,5s0kvckn8t,173,48,26,F,Grow Back,tmm21d389i,iqardk7zgh,Commercial
789,ncf0kna7dl,152,186,46,F,Grow Chest,j8hr10lvqx,k87telmni1,Commercial
790,ixssl1osjx,158,52,35,M,Grow Legs,2epvgcjjmc,uwe4y03sfk,Commercial
791,bulv9gfs6i,193,60,50,F,Lose Fat,mu0g6iqc0u,xw229e271z,Commercial
792,2kabtpsmud,193,126,50,M,Grow Back,e0dkmdrefo,jbgxsxtny3,Home
793,iz3s7r4ypu,182,155,42,F,Grow Legs,jh5cp788m4,9fa92frakz,Home
794,0rtd4zubin,161,140,46,M,Grow Arms,mpzfdvno4r,evcl4k7c83,Commercial
795,qgl0oocovw,196,92,75,M,Lose Fat,b6hnmq4nqp,5vhwtxaz3c,Commercial
796,daqqaj02le,180,140,77,F,Grow Back,hbjfik8j50,4m8xxxbew,Commercial
797,v6ehr6vzgd,168,66,77,M,Grow Chest,9dckghkwbo,2pi045ij12,Commercial
798,1ukpbheccx,177,66,48,M,Grow Back,10wgbyd6ly,6c2kyzj8yj,Commercial
799,nr7bzp8yn0,196,163,28,F,Lose Fat,62tbl6padq,6pw571wkxk,Home
800,7t3y79rkah,171,161,48,F,Grow Arms,z8p7wvmn0e,g2owg6903y,Home
801,zku5hh46ze,152,81,57,M,Grow Arms,bhoxbp4g23,o4eq4jgmr0,Commercial
802,gymto01jgj,150,175,31,M,Grow Chest,ali0080o66,p253jr7rxq,Commercial
803,gyk68xrzih,155,112,72,M,Grow Chest,lgr88ubr6k,t09ntwobo7,Home
804,4gakb0y5ak,155,147,61,F,Lose Fat,7ivl3g8070,zz1xst0phh,Commercial
805,a39se8hftc,163,146,63,F,Grow Chest,rapkzdj8cc,dnn9p7qzxd,Home
806,cysxrjiyuy,154,154,48,F,Grow Chest,ikpv70wyov,y414lb40xi,Commercial
807,5278ly6vnf,181,157,30,M,Grow Chest,pg8hwbpte1,6cgadgs29c,Commercial
808,wz0qkkk19y,176,154,77,M,Grow Chest,luchwt4mms,m16wz0biv8,Home
809,ie9696retj,199,89,35,F,Grow Chest,z7aj5mpueg,8epqkel79e,Commercial
810,fqnqvutnil,190,86,22,F,Lose Fat,dy8enmkvni,emz93p640z,Commercial
811,k1p588rpu2,199,76,45,M,Lose Fat,ce36cv4et2,qwbnlx1ywi,Commercial
812,i6b8kzhgwi,174,44,21,M,Grow Back,zm13mjggc2,0btxx65ijl,Home
813,ycfw0u4gjx,198,85,16,M,Grow Arms,4alpfh3dl4,i3cinryv0d,Commercial
815,9gyujsobpq,176,141,36,M,Grow Chest,eahydooq9a,64tszkudzd,Home
814,gmljmg0q0a,194,123,58,M,Grow Legs,178e9fmpio,8ejz3pviie,Commercial
817,8813o0328c,153,163,61,F,Grow Back,5qfs0mc32x,2uie79qf2l,Home
816,k6gryhym9t,161,99,27,M,Lose Fat,tjhco2lpi,yiiyv5d251,Commercial
819,xu28ssicf5,158,54,43,M,Grow Back,tjvczfffr2,mj3sinurv6,Commercial
820,x19ac70f1v,176,144,27,F,Grow Back,q74eb0lniq,rzhtfh8ty4,Commercial
818,snrlwgzb2h,178,45,28,M,Lose Fat,vl9wrfoujo,zvatqlp45y,Home
821,mi5708otlw,168,196,41,M,Grow Chest,n6zezy01cg,em90pvh9u3,Home
822,jficy3p104,166,153,34,M,Grow Legs,uofu8jmg77,9rt1v2qqg1,Commercial
823,2k03m6xbo0,159,144,40,F,Lose Fat,hu6vfx863p,xzw0x6f1ky,Commercial
824,aaneiktrfw,188,131,52,M,Grow Chest,0lcqyey9lv,b2bdtkvgnp,Commercial
826,sdohgb9sq5,153,80,43,M,Grow Legs,xagk435fpn,hdcr42jyvz,Commercial
827,lwz9uo9msb,188,172,50,M,Lose Fat,imospehom,c3966jo9s8,Commercial
828,g10tzz7q6u,172,143,66,M,Grow Arms,y0obb2swk3,r6qsq222ni,Home
825,2lo653vhnk,190,110,50,M,Grow Legs,gdzaxqu582,ouyxv0q86h,Home
829,si88maevt2,150,162,19,M,Lose Fat,44sfl8qjbl,myt13nvwmg,Home
830,sfffzfww15,152,187,69,M,Grow Back,3z6w173rt8,qlh195xs8l,Commercial
831,b4kpr4fkzc,161,131,53,M,Lose Fat,wsz6eh9u8r,qgrac4epqd,Home
832,t3b256q7u,160,49,43,M,Grow Legs,brv9n8ifd6,gkf9vr5liz,Commercial
834,vdnudsro5c,185,102,22,F,Grow Chest,fw3pquubb7,evbwnbcywt,Home
833,bikydazwhd,178,96,66,M,Lose Fat,evkrq17giu,h1svur3x91,Commercial
835,ky19lg6u5x,152,82,46,M,Grow Arms,8za761nn0r,io5r0lftge,Commercial
836,k2b4hbtw2r,191,146,28,M,Grow Chest,vxjukmex8a,v8w57824lb,Home
838,jf9zlg8ncl,198,197,46,M,Grow Arms,z2r25k80v3,2io0hy49ay,Commercial
839,3viokpero4,157,105,81,M,Grow Back,z8rzhle069,jjlw7rz9un,Commercial
837,m2nzacgfp1,198,140,65,F,Grow Back,ds5f4f6q2y,dttcgv3obv,Home
840,c6c8j7q4es,178,49,82,F,Grow Arms,7cddrxbu1m,f7q91ftqno,Commercial
841,dles8vu0qf,186,151,60,F,Grow Arms,mx1w32tja3,m5wg74opx8,Commercial
842,5ziy7v3sfo,198,119,81,M,Grow Arms,nccl9xp5vg,z8pr4lh68l,Home
843,inctrfs10n,192,126,30,M,Grow Legs,s8loy5ytsw,lbybdt0eob,Home
844,73seswiexz,189,193,60,F,Grow Chest,fmcl1owzaf,nvr3ezz6oq,Commercial
845,6u1plj32bz,178,153,77,M,Grow Chest,fqbreaasnn,gdvcyumydn,Commercial
846,y566ygz92e,190,79,23,M,Grow Chest,i2qxp06l2v,2fuf7sbguf,Commercial
847,4d0zl5cfk3,170,98,34,F,Grow Legs,3yyhfcljbp,0lndr817l5,Commercial
848,a4v54nzo0f,192,50,52,M,Lose Fat,vw7opmq570,0ffvybzw39,Home
849,ex8in747lv,152,180,32,M,Grow Back,5wn3dtcyes,m2iun5zqde,Commercial
850,gnmb2t73bi,152,60,61,M,Grow Arms,tp87hpne8m,e6gixhb0vt,Home
851,v8oz4flm86,188,47,31,M,Grow Arms,x53ldent9l,ppbsnqb15q,Home
852,ep10k8meo4,173,103,34,M,Grow Legs,h6v1hmmzrj,rbuwb319z6,Commercial
853,eg4s9frulc,163,164,42,F,Grow Chest,0gl7gu3yew,tnqzz4p7oa,Home
854,4hjvpcd5lu,165,148,45,F,Grow Arms,niw1zd3c5d,uyaamkfb73,Commercial
855,ehyzrxucav,195,111,42,M,Grow Legs,ucc2jje2ek,dg9f30grjc,Commercial
857,rfqqbg6cec,197,103,57,F,Grow Legs,m81l8p98hv,2jrv6435kv,Commercial
856,keko91qeby,181,89,58,F,Grow Legs,awdnyd1qrd,9385n2m3ky,Home
858,la1k12s9zo,171,190,46,F,Grow Chest,63wwr10fm4,36ewrpns5e,Home
859,rrv23dhu61,164,119,69,M,Grow Back,1g7zbmtqhu,d6ex0fx171,Home
860,m83w2qyrmg,168,119,64,M,Grow Legs,bgchiqy6n8,m65mygf3yh,Commercial
862,er2qhjki9d,171,128,50,F,Grow Back,wbqwo1u5wl,bxpbzmnyfh,Commercial
861,se9vdaglfn,153,152,36,M,Grow Legs,97kmttvtp5,yioa3ibmuh,Home
863,ozxwpuxdj8,180,68,56,M,Lose Fat,vtvwai3do4,hi2q56il7t,Commercial
865,nssu6lfa38,199,87,19,F,Grow Arms,i4d40n3hyt,mqi2pfhguo,Commercial
866,atlo4e8ypk,171,161,70,F,Grow Back,j13x5dsr18,fuekljj02c,Commercial
867,oxbxx42idv,175,66,53,M,Grow Back,tz7m7exgp7,j14wdvuar3,Commercial
864,cap134r3sm,199,188,19,F,Grow Chest,2zqbkn969k,6qioezwlnl,Home
868,dzocpco5tw,196,55,43,F,Grow Legs,htj3anwyas,ztul6xvmq3,Home
869,ej3ycj1fzq,189,179,49,F,Lose Fat,fx00yx6y5q,3azz018ve1,Commercial
870,xtzv68wat4,153,153,55,F,Grow Chest,rvb6k5ga6d,ulqpdi09sq,Commercial
871,8f5dkjerxn,162,46,70,M,Grow Back,6nugce33gp,9stfuj2x9u,Commercial
872,ppn90h8fin,195,160,59,M,Grow Back,gebf19o0aw,y3f07fn06m,Commercial
873,8ho04cmy80,197,115,59,F,Lose Fat,clq4xrqern,7bmtuerk6t,Commercial
874,2esv666jco,191,91,40,F,Grow Arms,6enphangxc,v9mmw51nis,Commercial
875,3n54qiodct,172,143,34,M,Grow Back,8e39p4cmxc,pw6wida6nh,Commercial
876,5opl3aopof,152,125,57,F,Grow Arms,imsc5143bo,2cp0rpw0re,Home
877,titdxo9yl2,170,68,16,F,Grow Back,o8x8bsc8kf,pqe847cb0o,Commercial
879,vuyiiog29w,160,104,56,M,Lose Fat,9wsvkw6r4n,ilzeo4yb7d,Commercial
880,3wmxlbxkla,168,52,61,F,Grow Chest,2b6azgc717,5qugqyiv86,Commercial
878,ll86l7bz27,167,181,68,M,Grow Legs,e71lp2s30a,yc18xf435s,Home
881,2b13wzeoek,157,54,59,F,Grow Back,lobtqnuxvo,mrbgkulmm4,Home
882,knbcos4bcp,192,67,79,M,Grow Legs,kqr6lx6k8l,g0ut3pcv8r,Home
883,stcxzc82dw,162,139,26,M,Grow Chest,xl5jop86gl,y6ynp3fadu,Home
884,buutrbx7yc,156,83,57,F,Grow Arms,ud9ghbsxht,opk9oyy1qy,Commercial
885,g0mrxxju8d,180,67,69,M,Grow Back,ako6tdcyl9,wrzzas5xeb,Commercial
887,2zh2wdhd0j,195,118,21,M,Grow Arms,4cxafh84fo,3cxr14g86z,Home
886,pfbif0awlj,174,96,45,F,Grow Legs,enl98riu9b,07a7msmj5l,Home
888,62fkgozoe0,179,117,76,M,Lose Fat,qr3ec45uz5,95jg2tnzu0,Home
889,b9ex3lf6mo,159,180,25,M,Lose Fat,9gjkxxlbtu,3xgyuiexr4,Home
891,3c40hl0d5y,181,41,64,M,Grow Arms,1rsnw0x1em,kmpbrame8u,Commercial
890,jm8gp85i8w,163,73,36,F,Lose Fat,vvlqrfj63f,6u8mqem6se,Commercial
892,a0zrbp8sf4,177,117,50,F,Grow Back,lijdymgbc2,dvndcvz8n8,Home
893,bx499xqrva,199,88,27,F,Grow Arms,7s68iyewcg,elbnaqyhal,Commercial
894,3udaqm1gp6,166,112,50,F,Grow Legs,9wiw1ipu8x,yprfnmy43u,Home
895,z8ee9c11ea,162,156,74,F,Grow Back,zzn5m5wdm4,zv7gl6t9sf,Home
897,ezirywjp2r,194,163,17,F,Grow Back,ho1bqo6t6v,qs4yitgf83,Home
899,qecch3v90u,164,130,18,M,Lose Fat,x31zl1910g,9b3xz1hyoc,Home
898,6pumift14w,181,82,15,M,Grow Legs,5kz4kt5olr,8ut8ia7qk8,Home
896,90ks81ecgd,190,99,61,F,Grow Back,i2bijhjbvs,lrakr4mdhf,Home
900,31c57gfxay,167,114,76,F,Lose Fat,tq77souhdv,jpjt23piji,Home
901,mhbh7hvuq0,185,49,15,F,Grow Arms,zdln4c6p4j,d55lsx8f9p,Commercial
902,rm8occ2ih3,154,103,33,F,Grow Back,9hpybrky8m,jhaejfcttw,Commercial
903,x22s205kbo,193,156,25,F,Grow Legs,amxf8n3e07,q5ldgiey8y,Home
904,gz8pi0qoua,181,182,36,F,Grow Arms,a50q51awpp,f8y7v8nhpu,Home
905,l3mjintulw,169,184,58,F,Grow Back,fvt1psciui,88q4umryvy,Commercial
906,5nplc2rfwi,173,43,55,F,Lose Fat,11vbjiiju7,j0xyih4v5q,Commercial
907,6hn6bkb2b3,188,121,56,M,Grow Legs,9j2vzb9a4m,xif60uae00,Commercial
908,o19sggxsnp,169,189,27,M,Grow Arms,tyakwgqqas,f6n75e8olu,Commercial
909,f5fag0uvqt,198,60,74,F,Grow Back,n5b48dx6pr,2qwxuoi16p,Commercial
910,h0r9alt6dg,168,69,81,M,Lose Fat,2a3xb0wkrq,kxti79ga08,Commercial
911,ulnyno65yu,198,197,60,M,Grow Back,qb5trus9ls,3uh1oh6j28,Home
912,l59udvxjcw,197,91,47,M,Grow Arms,blneqaqpg2,qphfykonoy,Commercial
913,rc3qdt6uwo,179,156,61,F,Lose Fat,c8nwfv3tf8,rfs9kutv9n,Commercial
914,gsbnq9830a,193,83,78,F,Grow Legs,2ro26b8w7o,pgitc2kp5p,Home
915,td7gmr7k4n,187,122,32,F,Grow Arms,wamhh2vg7s,ajde24ccdd,Commercial
916,p77xvz5ioi,177,50,44,M,Grow Arms,1sauvdi7px,ip3hg6n9xn,Home
917,jjvc4dda0s,197,81,32,F,Grow Arms,j65j23pjw5,a3n8gdxeqi,Home
918,pm71v45yqd,181,138,76,M,Lose Fat,9s54t2q7a7,baq7jqp5yd,Commercial
919,thok6saipf,192,199,63,F,Grow Legs,if6mv2oqch,hjt7nc5ean,Home
920,6hz48uubbk,166,128,40,F,Grow Arms,y0g5uryfdb,769yur98td,Home
921,8182ekikg7,176,144,74,F,Grow Back,rrp3854ksv,uonbahfm8g,Commercial
922,csol7qfit3,197,133,55,F,Lose Fat,lrqin7ob68,sxu2xpnbos,Home
923,4uzaf8jg8k,165,171,42,F,Lose Fat,87hynhrv5b,j5c6kcr3vy,Commercial
924,8dl5bz2yxs,171,86,39,M,Grow Legs,crd550an1e,ole1x3uozn,Commercial
925,yb46cllls1,152,151,36,F,Lose Fat,k9e5sx3dxy,3g9dygvgqh,Commercial
926,64zvd02mim,176,75,26,F,Grow Chest,3hyvqzl5wl,nwqyvisxhn,Commercial
927,3mcjh7v8m1,150,41,78,F,Grow Back,eod259kdb5,0stq9w1qlz,Commercial
928,am9zdmot57,170,95,69,F,Grow Legs,if54ju6we3,n139rybwmf,Home
929,7q9sr5t8k4,163,122,45,F,Grow Chest,jbcsywvzll,q9wx6ungqj,Home
931,t1n175087r,164,76,26,F,Grow Legs,sma1mo1r7z,1o23q90iji,Home
930,ho1toog6yg,151,101,48,M,Grow Back,lvxak715eu,xh1ozwf8by,Home
932,o7vp019sj3,150,41,46,M,Grow Arms,jai6hhdzqt,c5qzsfcnga,Home
933,pdj8bd81bb,179,156,26,F,Grow Chest,ypbnpoxe5d,zu06sqp6t7,Home
934,mg7z7uzmej,189,116,35,M,Grow Arms,6cjr39tyb9,srzuvlsp3c,Home
935,hsblkrcpxp,174,189,17,M,Grow Legs,084yaun43v,iu60320ew2,Home
936,9a77hti5eg,199,75,59,F,Grow Arms,bnbqn4mdr2,hsnskl6izr,Home
937,wczmk6u7of,183,81,22,F,Lose Fat,kewzqgw6ca,q93qal3gds,Home
938,0yn5hrl8ra,180,152,30,F,Grow Back,tfq3xmlno1,1wku9ytbv4,Commercial
939,dwfhl3l8si,172,133,59,M,Grow Back,8yexnw8a54,jmfmauj7hb,Commercial
940,gm04j9e73h,164,139,83,M,Grow Chest,d6jcr2pu1m,1vsava7h5b,Home
941,92nina3s5w,190,66,63,M,Grow Legs,y397f71na,mvwyz3kjw2,Commercial
942,mlucg47zxh,174,195,38,M,Grow Legs,ireaall5aa,wiqna6s5pp,Home
943,rwk61dszn3,194,175,45,F,Lose Fat,9k59z5n03d,trbls941oc,Home
944,jrsx04klnt,159,148,48,F,Grow Chest,7bn9ufqqz7,8kll8o8zg9,Commercial
945,f7hdel10ln,193,157,32,M,Grow Arms,qhoxfndlmu,6jlwqx50if,Home
946,3of0ee64dq,172,186,17,M,Grow Back,epsk50t3uq,20zfzjeu0x,Commercial
947,wlbcakkq1x,186,78,59,M,Grow Legs,e43ctev6f4,3pdz631jwy,Commercial
948,wvr69ixee4,184,180,24,F,Grow Arms,8vca2onw0r,fnyd8fzi0y,Home
949,idadfedy3h,152,62,55,M,Lose Fat,u2uxdwggmh,81zofxqjbi,Commercial
950,5j9tfkcphb,166,41,26,F,Grow Chest,gh60q1sdqq,chuegf3oob,Commercial
952,dua7b2woua,179,172,51,M,Grow Arms,ikvfu7e1fc,yd6etyyuxg,Home
951,wac3m4w91x,184,180,37,M,Grow Back,td0b404odj,thzopj7dbb,Commercial
953,k2959f88kd,157,40,36,F,Grow Arms,83430xwf00,0fzps2rnyx,Home
955,roowu0co9o,187,196,48,M,Grow Legs,8gs5w6d5xi,oowlqnbsxx,Commercial
954,dddddofjpu,173,73,40,F,Grow Legs,t0i6xb0k7h,8ksjv80nag,Home
957,wcw4cm3475,180,107,39,F,Grow Legs,t4cvdox8yq,fzuwe2gazp,Home
958,wr3zw9m4yv,152,108,32,M,Lose Fat,usalce0kte,8m47gjm0lz,Commercial
959,avrt1e7r2c,162,48,31,M,Lose Fat,pad0hggx8z,t0sioa1bqq,Home
956,asdsk364um,180,178,21,M,Grow Legs,h63o248jaj,f6b2h1boib,Home
961,nprtfnvop9,172,165,82,F,Grow Chest,kuwn6owny1,bzvkyznf4d,Home
960,xbdpf0ifgd,187,176,65,F,Grow Arms,8hou0gmk9n,zm9qbtt2zz,Home
962,wu6n9ggj15,184,55,32,M,Grow Legs,96phew7jd2,d1tcf9um8z,Commercial
964,kn6vscc3c6,172,163,46,F,Grow Back,2u6bze424h,gruz6qq6u4,Commercial
963,ti7m8y07tk,197,117,39,M,Grow Legs,6its64pp8a,t1oyli9yrx,Home
965,k6ss0b4alt,166,166,49,M,Grow Legs,gxkelr8s3q,47y7wgeb6w,Commercial
966,felq1akyb4,187,174,66,F,Grow Legs,j0o24x0yob,05hkmlsh9x,Commercial
968,v8fi9sjmkn,176,161,74,M,Grow Legs,ms3oc9jpom,z6jmdc4qrj,Commercial
967,65pxxow89y,159,63,69,M,Grow Back,47nztoi2hh,r4werrarqb,Commercial
969,th6bh6a7yi,188,89,82,M,Grow Chest,j7w3lfbn5v,z1scjxal7g,Commercial
970,58hcj016y2,160,158,44,F,Grow Legs,0g81znfsg2,jjwbq773gn,Commercial
971,1q44jym5zt,179,179,49,F,Grow Arms,tpomtn2gm6,y5664q7hwc,Commercial
973,3bsxhh1yhk,175,51,19,M,Grow Legs,mxentczz0v,p8da3943w5,Commercial
972,pfpfrhzgy3,161,47,42,M,Lose Fat,nscb27ol5p,688aani8ix,Commercial
974,eda80bdnl2,153,72,49,F,Grow Back,rcks42qxq6,jlei1i731w,Commercial
975,uj51m82ptt,160,157,64,F,Grow Chest,7af3fxouca,azi1v5gxwu,Home
976,o5h1yf9uyv,178,126,42,M,Grow Arms,d07gheihw9,xww0stdnv1,Home
977,hrhe1n989v,177,97,23,M,Grow Back,jrqto3o9ku,8z6s3dy8sb,Commercial
979,c39gcg417r,175,199,64,F,Grow Legs,l9wcb3r4xo,d694vxgmb9,Commercial
980,7y6r66i472,166,150,44,F,Lose Fat,dxy033u4wz,21krfa3vnf,Home
978,ebbnxtyuyk,186,151,64,F,Lose Fat,nvh84yiksj,t10ptcexfh,Commercial
981,qfg68pt0uh,199,65,51,M,Lose Fat,p2q7gdwffh,9q2virark4,Commercial
983,p1sedj7dx4,192,175,68,M,Grow Legs,umekrnq4pz,lxafygjv3o,Commercial
982,ii0f0lzq2w,176,42,54,M,Grow Arms,cujyyihuvv,5qo8d13l16,Commercial
985,f6ophsey1y,164,178,26,M,Lose Fat,q8a07m1h5b,axj81daol7,Home
984,8po90evsbv,169,187,57,M,Grow Legs,92mkvay7ro,wv9rlgfj6f,Home
986,mmvcfvlbfy,178,174,41,F,Grow Chest,ktnlbunhe2,u6bbab0gjo,Commercial
987,5084dm210n,153,54,20,F,Grow Back,8o09jq1nbw,hiqlib1ei1,Commercial
989,t2twxfmqop,160,95,36,M,Grow Chest,23w2in0f9z,u1wlgtenn2,Commercial
988,7dpasqdbuu,179,161,67,F,Grow Arms,atwqa9yn7j,qhk2ktr6cz,Home
990,7y3r0typik,176,115,65,F,Grow Legs,mu02ntuo71,acrcr7aogp,Commercial
992,ousjatf72q,192,48,60,M,Grow Legs,s9j05wutcr,d4qlfft12y,Home
991,r313rv2epx,166,156,29,F,Lose Fat,5mei7ic2mr,jion29y5qn,Commercial
993,8i8ppdzala,166,69,47,M,Lose Fat,nr7cninzvm,0vqxb3lskr,Commercial
994,mivfonmnln,155,116,80,M,Grow Arms,8vhq9qszop,gcuqfr9ks0,Commercial
995,w3of3ufb1m,163,184,42,M,Grow Legs,mbmo82db0r,lp8fmxfqqk,Commercial
996,atnuauvkon,170,94,78,F,Grow Legs,r9u7fiezh2,15yjvsd1iz,Commercial
997,u8yy86o8kk,190,174,26,F,Grow Chest,7dnczgjwgf,lehs97k9u6,Home
998,djib0uci5j,158,41,24,M,Grow Arms,fr1ti49dmb,lmyir42fsi,Home
999,hkg4mn25s2,190,155,81,M,Grow Back,gzzwyba3bo,gbygtmkxja,Commercial